-- phpMyAdmin SQL Dump
-- version 5.2.1
-- https://www.phpmyadmin.net/
--
-- Host: 127.0.0.1:3307
-- Generation Time: Jul 03, 2026 at 11:20 AM
-- Server version: 10.4.32-MariaDB
-- PHP Version: 8.2.12

SET SQL_MODE = "NO_AUTO_VALUE_ON_ZERO";
START TRANSACTION;
SET time_zone = "+00:00";


/*!40101 SET @OLD_CHARACTER_SET_CLIENT=@@CHARACTER_SET_CLIENT */;
/*!40101 SET @OLD_CHARACTER_SET_RESULTS=@@CHARACTER_SET_RESULTS */;
/*!40101 SET @OLD_COLLATION_CONNECTION=@@COLLATION_CONNECTION */;
/*!40101 SET NAMES utf8mb4 */;

--
-- Database: `care_medical`
--

-- --------------------------------------------------------

--
-- Table structure for table `appointments_table`
--

CREATE TABLE `appointments_table` (
  `AppointmentID` int(11) NOT NULL,
  `AppointmentNumber` varchar(255) NOT NULL,
  `DoctorID` int(11) NOT NULL,
  `PatientID` int(11) NOT NULL,
  `AvailabilityID` int(11) NOT NULL,
  `Status` varchar(30) NOT NULL,
  `CreatedAt` datetime DEFAULT current_timestamp()
) ENGINE=InnoDB DEFAULT CHARSET=utf8mb4 COLLATE=utf8mb4_general_ci;

--
-- Dumping data for table `appointments_table`
--

INSERT INTO `appointments_table` (`AppointmentID`, `AppointmentNumber`, `DoctorID`, `PatientID`, `AvailabilityID`, `Status`, `CreatedAt`) VALUES
(1, 'APT-0000001', 6, 3, 5, 'Pending', '2026-07-03 12:26:34'),
(2, 'APT-0000002', 4, 4, 3, 'Confirmed', '2026-07-03 12:27:39'),
(3, 'APT-0000003', 4, 2, 3, 'Completed', '2026-07-03 12:28:20'),
(4, 'APT-0000004', 2, 4, 1, 'Pending', '2026-07-03 12:31:44'),
(5, 'APT-0000005', 6, 4, 5, 'Pending', '2026-07-03 12:37:16');

-- --------------------------------------------------------

--
-- Table structure for table `availability_table`
--

CREATE TABLE `availability_table` (
  `AvailabilityID` int(11) NOT NULL,
  `DoctorID` int(11) NOT NULL,
  `Day` enum('Mon','Tue','Wed','Thu','Fri','Sat','Sun') NOT NULL,
  `StartTime` time NOT NULL,
  `EndTime` time NOT NULL,
  `AvailabilityStatus` varchar(20) NOT NULL
) ENGINE=InnoDB DEFAULT CHARSET=utf8mb4 COLLATE=utf8mb4_general_ci;

--
-- Dumping data for table `availability_table`
--

INSERT INTO `availability_table` (`AvailabilityID`, `DoctorID`, `Day`, `StartTime`, `EndTime`, `AvailabilityStatus`) VALUES
(1, 2, 'Mon', '12:00:00', '17:21:00', 'Available'),
(2, 3, 'Tue', '08:00:00', '17:00:00', 'Available'),
(3, 4, 'Wed', '10:00:00', '21:00:00', 'Available'),
(4, 5, 'Thu', '08:00:00', '11:00:00', 'Available'),
(5, 6, 'Sat', '09:00:00', '15:00:00', 'Available');

-- --------------------------------------------------------

--
-- Table structure for table `cities_table`
--

CREATE TABLE `cities_table` (
  `CityID` int(11) NOT NULL,
  `CityName` varchar(150) NOT NULL
) ENGINE=InnoDB DEFAULT CHARSET=utf8mb4 COLLATE=utf8mb4_general_ci;

--
-- Dumping data for table `cities_table`
--

INSERT INTO `cities_table` (`CityID`, `CityName`) VALUES
(3, 'Faisalabad'),
(5, 'Gujranwala'),
(7, 'Hyderabad'),
(9, 'Islamabad'),
(1, 'Karachi'),
(2, 'Lahore'),
(6, 'Multan'),
(8, 'Peshawar'),
(10, 'Quetta'),
(4, 'Rawalpindi');

-- --------------------------------------------------------

--
-- Table structure for table `contact_messages_table`
--

CREATE TABLE `contact_messages_table` (
  `MessageID` int(11) NOT NULL,
  `Name` varchar(100) NOT NULL,
  `Email` varchar(150) NOT NULL,
  `Message` text NOT NULL,
  `CreatedAt` timestamp NOT NULL DEFAULT current_timestamp()
) ENGINE=InnoDB DEFAULT CHARSET=utf8mb4 COLLATE=utf8mb4_general_ci;

-- --------------------------------------------------------

--
-- Table structure for table `diseases_table`
--

CREATE TABLE `diseases_table` (
  `DiseaseID` int(11) NOT NULL,
  `DiseaseName` varchar(150) NOT NULL,
  `Symptoms` text NOT NULL,
  `Prevention` text NOT NULL,
  `Cure` text NOT NULL
) ENGINE=InnoDB DEFAULT CHARSET=utf8mb4 COLLATE=utf8mb4_general_ci;

--
-- Dumping data for table `diseases_table`
--

INSERT INTO `diseases_table` (`DiseaseID`, `DiseaseName`, `Symptoms`, `Prevention`, `Cure`) VALUES
(1, 'Hypertension', 'Headaches, dizziness, chest pain', 'Regular exercise, low-sodium diet, stress management', 'Medication, lifestyle changes, regular monitoring'),
(2, 'Diabetes Type 2', ' Increased thirst, frequent urination, fatigue', 'Healthy diet, regular exercise, weight management', 'Insulin therapy, oral medications, diet control'),
(3, 'Migraine', 'Severe headache, nausea, light sensitivity', 'Avoid triggers, regular sleep, stress reduction', 'Pain relievers, triptans, preventive meds'),
(4, 'Hypertension', 'Headaches, dizziness, chest pain\r\n', 'Regular exercise, low-sodium diet, stress management', 'Medication, lifestyle changes, regular monitoring');

-- --------------------------------------------------------

--
-- Table structure for table `doctors_table`
--

CREATE TABLE `doctors_table` (
  `DoctorID` int(11) NOT NULL,
  `UserID` int(11) NOT NULL,
  `Specialist` varchar(100) NOT NULL,
  `Qualification` varchar(255) NOT NULL,
  `Experience` int(11) NOT NULL,
  `Phone` varchar(20) NOT NULL,
  `CityID` int(11) NOT NULL,
  `Bio` text NOT NULL,
  `ProfileImage` longblob NOT NULL,
  `CreatedAt` timestamp NOT NULL DEFAULT current_timestamp()
) ENGINE=InnoDB DEFAULT CHARSET=utf8mb4 COLLATE=utf8mb4_general_ci;

--
-- Dumping data for table `doctors_table`
--

INSERT INTO `doctors_table` (`DoctorID`, `UserID`, `Specialist`, `Qualification`, `Experience`, `Phone`, `CityID`, `Bio`, `ProfileImage`, `CreatedAt`) VALUES
(2, 4, 'Cardiologist', 'MD, FACC', 15, '01234567890', 3, 'Dedicated pediatrician focused on child wellness and development.', 0xffd8ffe000104a46494600010101004800480000ffe202a04943435f50524f46494c45000101000002906c636d73043000006d6e74725247422058595a2007de00080013000f00370004616373704150504c0000000000000000000000000000000000000000000000000000f6d6000100000000d32d6c636d7300000000000000000000000000000000000000000000000000000000000000000000000000000000000000000000000b64657363000001080000003863707274000001400000004e77747074000001900000001463686164000001a40000002c7258595a000001d0000000146258595a000001e4000000146758595a000001f800000014725452430000020c00000020675452430000022c00000020625452430000024c000000206368726d0000026c000000246d6c756300000000000000010000000c656e55530000001c0000001c00730052004700420020006200750069006c0074002d0069006e00006d6c756300000000000000010000000c656e5553000000320000001c004e006f00200063006f0070007900720069006700680074002c002000750073006500200066007200650065006c00790000000058595a20000000000000f6d6000100000000d32d736633320000000000010c4a000005e3fffff32a0000079b0000fd87fffffba2fffffda3000003d80000c09458595a200000000000006f94000038ee0000039058595a20000000000000249d00000f830000b6be58595a2000000000000062a50000b790000018de706172610000000000030000000266660000f2a700000d59000013d000000a5b706172610000000000030000000266660000f2a700000d59000013d000000a5b706172610000000000030000000266660000f2a700000d59000013d000000a5b6368726d00000000000300000000a3d70000547b00004ccd0000999a0000266600000f5cffdb0043000503040404030504040405050506070c08070707070f0b0b090c110f1212110f111113161c1713141a1511111821181a1d1d1f1f1f13172224221e241c1e1f1effdb0043010505050706070e08080e1e1411141e1e1e1e1e1e1e1e1e1e1e1e1e1e1e1e1e1e1e1e1e1e1e1e1e1e1e1e1e1e1e1e1e1e1e1e1e1e1e1e1e1e1e1e1e1e1e1e1e1effc00011080080008003012200021101031101ffc4001c0000020301010101000000000000000000060704050803020100ffc400411000020103020305050603060505000000010203040511002106123107134151611422718191233242a1b1c115d1f0082433526272258292a2e116174353b2ffc4001a010003010101010000000000000000000003040502060001ffc400291100020201030402020105000000000000010200031104122122314151051332611423718191f0ffda000c03010002110311003f004fac955c45c4925151541a5b6c64493c5130569f07ee92376fd00ceaeae96ef6a5ee648628d1148207ded81c607f5e1a0ce22a0363821638132313b1c10bd339f2ceba5371adce96dacd2d1455791ee485c82bef7427c71b6ff0f2d73074ed66d6acf127356c402b248b7cd6bbd77d4d592b2c3d1641f789db94e3a83befab6b4de259eeef4f57533301ccacb1cbb293e008fa7c74bdb8711de6b6b8dc5658e8dc45dda038e5e5f9f539f1c689fb3be06e2fe27b8c35747435ab04adcc6a635eea0419f78876c0200f2ce9d6d1164eb23388c046db8264eb8416d7bad4a4f0446a288f2b2b8ca95ce43283b024119f2d1af0e702b5dece2eb5b2a5b281429595c7209576c670371d31b13e40e8ff00b3dec1a8aa2e7fc5b886e897511b0259268d95a4006c718ce3c88d35efd476fb550a8a5823fb3ff0f281b94e3c3cb5a28b5563273886ab4a5dc62262cfd9734a64b8d8a4825210868da2785a5dfa2f3aae478e76f1d4aafec769ee954a6f86ae48a33eed3c350228c37896600927571276832592be46aaa47a9880c10061863aefd747dd9b71e70bf12cfec3415d25aeece3dda5ac0ac93e3fcadf8be19cfa6854588e7d18ed9f1cd575e33007ff006768a0b6c905a5e4a76392b89848573b67703c0682b8c781f882c340168e292a0747d807098e815bef7c8e75a99a4a786b3d8ee34494d231c23a90d14bbfafdd3fe938f4275cae5414d340f1189258c758d9723e59e9fd60e997d2a3f3e626d48330756de2e28f252d3d4cf4feee0e29c16403a0404fbb8d47b4dceb21a7ee2ac1af4462caf2be264f837cfa1d695ed4bb23a4bac26e7648556ad72cd183f7c79a9f13e87ebe3a4ef075828fff00515c296bd23964a15c186588852c4e32c3d3cbc7af8693bc7d4bdb8812bb0e088afe26a27b8572545293343cc5980ea09f123cb5f234a9b1dbddc53d54b48ce2495557941037c33750bebe3a7ea5969da50b0d3c4993962a8a005077dc786ab38dd6df6ab255996a29a27a8468e1139c2bb1c0237f0dfa6de1a5935ec4ad61723b4d06279c457d0718cf5154679ada4d1be4aabbe644dfa86f118fc27a781c6ab2e166a7b8d74f35a249051b480a2b2e0ab1018afa609d585350356bc91d123caa0f2a04193ca0ed9f96bf5aaeb058ee6f6fac1982a006761b981b380d8ea76ce47c34c7e2c4d4307d7fde67b38388d0e29e08b1dfad51d453d3dc62b95553878aa3bf5929623d42127048ea361d7e1a0083836e96d11d35c052a23f37dd70e323c0edf3f86afad3c4770a88d9adf1494f0c7372aa6e798119dbc338eba8bc595f51535b0a4d3c922caaceb4ea3956541d4123ae7a63aefa434bfc9167d4c463fd91155cb1db9c49bc0bc1fc2d4303de2e623ae51ef846843215e6c0c6f93b8200f120e3c74f4e09b455f185be9a4a881ed76227eda071f692aa9012304745db381b786fe2b3ecdac697ce2d4a499cb53d1324b3a88f97bfa8e5015540d8228c2803a0cf9eb4bd9114b353431f253d2ed91d19fc7f73f4d5a2800049cc7aaaf271385fe7a6b2d98436ea7540a39628e35d87c079e852d36fb85c0996a6a9dc499ca8239319ea36dfe3e9b675278c6b5ae1c674d618b9f1dd77b3729c72a938fa9fe7a38b6dbd21855405ce0649d25cdce713a4a6b14d609f301eb3822d7508566a6137fbb423c4bc01451439a380d3c8879a378cf2b2b75041f03a77cf146a31fb6a9ee94b1c8bd344b349c641e6334dc01edc481d98dda7e21b24f66beb0a8aba5000771ef3a7404fae4673ebe9ab5334d45582df54c5b9b686566dd8782b7af91f3d0c5a3fe07c471d6aae2362524ff69fe868af8ba87dbadddfd36f3c03bc4c1c165f11fd7881add76b6d00f71276b34eab61da38338d4cbecec8cce7b87383e6a7cffaf5d07f1ff06d3dc4b5f2df0c49738d4abb85ff00157c8e37febd34494752976b78208ef1c147e9959078fcf63a916797bea3c39dd498c8f2c74fcb3a6032da369ec64cb69e920f899c78c38e2c5c242486b57beb9ac7b4117913b066e83afae927c4b7cbd71c5c65358dddd37781922eab128180a3ccf539f127d34eff00ed47c0511afa3bdd2c68b19939268d4789e8c3e7b11f0d2227c43cc603b0ce474c9d06bd3269ff001e4fb88b9c71185d9553d1a4155429ccf52bc8c1db04f28dbf5fd75e7b43e094bb89ab68e5115c4af33a7e1988db7f238f1d50704f69368b0c8b4970a1e7a76233514b1a878fc0f37f9c7e7e5a66c1c45c2f7180d4515de85e32df79a40a478e0a9c1077d2ae96d561b31de2cdbd0e4459ddeed1f0fd1452522402413725444c416652a73ca73b741a8967bcd25db89296afed16992268c173ca5a46c9240f0c74dba8d5135b1c822155e7c647ba344b6ce1ba091a1a98f9b2814c8576ce373e9e9e98f4d136d558cf9f73e165ac7ee687ec3e8523b31b888f9649a67e68f208455077cfa9fd74ecb3528a7b69192ccec58927cf6d26bb08a876b1c9433cb1aca669163407752541c63e03234f209ddd0aa83b00173e80634c6efe9e256d18dc03452f0af35776a5c41707dfbb9fd9d0ff00a5001fae74d8898951cb8c8d2afb39023bd5eea247017dbe62ccc718f78f5d19cfc6dc3f6d40f51532f77e332d3b9887fcd8c695d0a96c99d2eaf03007a8412ab11cc755b5637e538f8f96a351f18d86e89ff0fba52ce7c55641cc3e5d75fa5ad491b2bf4ce9c7641c660ea47233895d77a72d4edeee76eba97c1d7692a687d92660d534676df778ba1fa7edae570ab8562c330c680b88389e8b872be3ba25753249137bf199065d3f10c67495832f95877af7d583de1b54c06d1c52eb0ed4b5e0bc6074122fbc3f2e61f0035ea827ee2f75d0a8f74aacaa3f3cfd33a93c4c16bb87e0b9d1b07ee0c7590303f7a3d89ffb4eaa2a5c25ee9e547f72480a7c707afd31ad07c1920aee1cc85db25b64baf055488155a785b2a09c67977c67d7a7cf58ceeb6da78ab1e37796747259830c0c1f203aeb715ddbbdb556c4fb86818919f100ff002d632ed22b23b5d75477748f3d4452b444b36111798e0903738cf4f51a637bda70b246a6b2a4620e3d2c49c90d2d3c7963b294076f3d79a7b3d551d533c4eb1b670c11761e87506cd7695ef495158c4abfd9fba301493b1c7c747b523d9e1e59711b039dbef13e4078eb1633d47693de24f6b2712beed32598192a815ef301460e49f21ebaebc2f7b9968aba29939269e5e681bc2318f7947ae00fa9d4ce22a29ef75cd4d6b2b2430e39e7660139fe3e20797c754935b6a28ae091b2e2777550dcd955390000478753a1d6119307bc100a579ef1d1fd9de4437f8e08b6a8f6d8aa188c9cae195c9f52a7afa0d6a99db100f327480ec3acc2d95acea0651512438c778cc572de80787969ef5d215a40f8dc267e38d0cdc190912dfc61de998bae16856852ef592c02655ab95ca9e9907c740b73edb388af13d6d1f0ef06cd554d4518f686924e50879b97a78af4c11eb9d3a38469124a7b8205d8d6cc0faeff00f9d57711f0cd0d623c66dd4dccd9f7a48b3d7aee37d1b4a98af38ccbf736f7c038c4cef6ce2782f7798e7baf0e2d0991822d544582ab924005b0304f29c67cb4f4e17592bad8248b99846b8c31c9db6d5141d9940f2aacb0d28883f3774916013e674cdb0dbe3a08e4421799812e40c0275a6d2ef604710a9a86ad082727dc4bf1dde992a25a09a578c30c310704694972e23e18a19598d86a2b399bbbf682bcc0b671804eda7671a59e2aebed6828195814208f03d71a0dba705a7b3c745ece934512930a472323203d40076c671f96b15528b92f93357358fc2e046e7649c4349c45c0b6792288c71bd181ddb8e80131b2fd00fa8d72bac4f02c09f8e9e568493e5d01ff00f3a10eca96a2c359436d742b48dee2ab6eca4b49d0ff00d034c4e2ca6e666911b944a0383bf51fd0d0b5057276c9c1195baa475992489253bab00c47a1ebfbeb2af6d5c39574bc4b33b42ef48e7ba772460f81c1f318538d69bb7cbdf52042304647d47f3ce96fdb45b4dd295a95563c5588e70dcb92b8186dbcc91ac5179ac96f112d7d4366ef533a9b6c542b89179bbac7765577723ee91f1eba8d737ad1510c35350cd53504bb2838e51e5f3fdb47d70e1eafa68a159628aa29c653bce72ac36db2318d0471052c14974f675693bf957bc46946f90718fd3f6d335dab6b65799ce8fcb1191c4ed0d8eb61e16b5529aaaece041cdef26dbbb9c6c0f90dfe9a8f5563bbb47234bdc848e169b982f33f3a0e6007bd900e3ae36d06d8637b5cc6e4f50cd5af2f7cce5cbb67c72c7a93e27d746b79b94bc516fb643431bc4c25e6966562addf03caa9cc36c6e1b3a996a1ad9769c8f26156955e408daec86f7256a5aaa044bcb5957147c99c9451cfd7cf7507e7a7955b3011c3e70f4f51b691fd9a5b60b2dfa9692243c8b216059f9bdec72920ff00cc4f80d3b6e0ddd5452b119c875ffb73fb6b55906a38f72cfc632b0e913c70581045581f6e7ad964fae3526f975a5a60c643b786755658c124c913e0960e3e040fe5a5df1c5deaa5bba5bccad0c4466497d3cbd3cf3a6abd735758413a1a746b63ef63c430a1e257b8dde1a2a38c2c65f0f2796d9c68a2a596342e651cdd08ce80b849ec7ec63f87dce86629d7baa856c1f5c1ebae5789e7a291da944f2f79d7edb9c67e676d15755622e5864c61b4cb63e1780248bec6c6b5e5a6204a41ce7c750787ae94f735682ba9843509d7c98798d0ec9fc4e6ad6a992aa642c375e60171f0d57d7cd251d524d0ce048a71cc4ec7d0fa682da971d4043ad0bd8c33e23821a34a7ab880668255603e0e0ff3d18d7c627b4cbcb82d03923d548c8fcbf4d2a6f57796ab879a644646e4dd4f811b1fa7eda63586e08f6fa5a893ee54431aca7fdca0a9fa923e7a4df51b9b262dacd3ed031076d8cc971ab84e4282aeba11ed7239a3b45357d2217a9a7778e340dca589208c13b79f5db4675917b1f11cb09070d0965f503f7c687bb51490f09d6b420abc52a48ac3c33b13fa68949c489ae5dd5110152e16eb8d92a7f884429e5810778acc002c7eef291e39d27bb57a1a7ac5a4aca1aaefbd99cc52147dd01c1191d41e6c8d48bdddebfec8cab1e04ac4c0365ce00e63e67391bea4477be1dae5f61ada19d0c94dced253bab3ae7a82a70401f3d174d559a76dea339f539a7ee08f10cad1c0d66b170ea5671b5c228ea1a20cd134a2148323604e72cd8f2dbd0eb843c63c0b6f8d69edc310f7a24fb2a790a93803393d7f7d2c78a20b85d24fe237805dea9da6e62e598b93be4f80dfa0f4d47b5dbd642226fbac79467c0ebcbf1ab665adb093fae00ff13eef1de3b3b3de3cbb0e39b6daee12475d157d5735354f208d96173eeec3a8c781dfd75aaae2bcddcb63a3b7e6a46b11767f4928e2bb6c7c83bc865429230dc2871b0f87efadbd57d1a324e55b981f4df44b9142740967e3c8e7103aef794b55cac92d6911d35c10d1c923744986f1e7d0fbeb9f3c6bebd8966bcbd54ac248d865548dd4f4233e47543dadd1a5c787ae76d6cf3451a554231e2373fd7ae823b14ed69e5ab6e15e2997fbc4079692b9bff957a0593fd5d30de3e3bee51519cb7a9d3d4d85c0f31834fc0368b2f10b5eacb4c946b50a56b2045fb2976383cbf84e4e7987c37d5f57d9b852ae8e57960a849395390c40919c7bdd36ebabd88c73d3f306e837c685b89281e30c69a5640db90a719f96a9adaa572cb99f6b26c60371523d4a3e29b4f0b5ae090446b25de331abb95e619f7f1f2c7d74bcb4707c335d7f8c54ac8d36799448e79506ff008738d19c76976a915152cd23a9db9db38f86be71355436db732bb84671b927181e3a15ae15495188c79db9cff794bc4f5a905af764cb921506cab1e3c4f99dcfa0d17702d425570bd0a072f04b44a8ac7a9553ca0fc70cbf41accdc4fc78788388bf845bcb250c0ce2591b6331507e8b91f3d692ecf695a93856c0ad190cb44437c1b908fd3533514354837f7304d7adc709d84b8a87f6a8296bd97ede00f04a73e9a1ded2439e0cb9b46555d42905ced90548cfa671abea560f1d647be0c9cdf320ea87b4242fc1d778f9558f72f856e870a0fedad691f95cc95ad4e969903882aaa5ea663233fb43d4b19571d3ef1c7a0db61aaea469a96b8d44d10dd4618ee3c0e8e8d960abbacd3d5273ad410cac188e607041f89fd46bef18f06c945494d2d14994a925791f764c0ce7e073ab875756ed939461c431afb546384aae29d636a68298be49c776c3eeb03e073b67c738d52700766dc65c447bd82d8f4943ca0a54d6831c793d700fbcc37fc20f4d68b8a1e17e1dab365b7511bcdd308d3874f7635ebcc405381e3ef63e3aafe30bef11882534b3d2d3c2cbee3148e3db7070e6724f87e11a6745f1ba80a777983a92b4e2c393fa9e3b2eeca6d760aaa7a8b8d7bde6e34e36729c9147bec157c4fab6fa735c008ea6124e164050fc48dbf3d08f6734fdd70d535ceaeae4a97a98d676773d430f7546e7c31e27e2746532fb450a3e473292df0c671a56faf0a41ef2ed0155ba7b45871fd41a5a8a6ad284c611a3997cc0c823e84fd359b2f16d16ce2d13c3bc2ecad13ff9908d8fd0eb50f1f5389a82497932aa7bc20efb1ebfd7ae903c416c1fdda028730cacaae0f5420f2e7e191a9b5a618fee5dadb811add9d71554d252c704ecd2d395e520ee547a68aee573a3982c826e7cf9676d2a78439d12207a72e33a3688abc592a093e5a1ee7abb47d7693992eaae14710ef246240e8011bfee74a5ed2eed3dc2a1cee17a2af90fe7a605c6158a0799805db4b1e23e4329676eb9275e163dac374d380a32229ed160a99f8ca9a8e9636692b2a5223ca37c336e7e99d6caa79638d5a9e127920630263fd2aa3ff1a4f76396aa67e25a8bfd42814d6c88b9720eee41c01f427e5a7151423d945414e5273230ff00531ceff5d67e41d9f00f893ea0a84e276b5c78ef03756391ebfd60e867b4aa99a9f87aa5a9d0348609a45e6191b2aec7d37d11dbc3474d34ecdef10d824fe23b0d5571cc10a5224556ac60304c8eca770303f9685a500b0117d583b4e2664a796bd6a1a58d9046cd958d97995724f4f21e1f4d10dcab51a5b70bd4f1c35351cd0c0f8089ee0c804f41d70327d345b75e09ee2092a6d0924f485148c306e5df3bedb0f5dc691bc77c494f71e288219d65868ad8c5553930f2b64731c1d867006fe03d755bf88d6d98238c7713946539c309a5eea2828ab65a0b6d45fe9f88c396a8fe0b614aaaa879867bb277829339c94562dffd8e4ec387085ab88aef739ac9c4125642d2c8bdcd35d2e9ed7512c4777629de2c630b9cf221519d8920e8a98dcacf0436a44abba5d2488cb6be12a49bb9a3b7c008e59abe618676ce19cbb60b16183e13bb3fb156db3dbb8a788258eaafb7808b2cf08013bb030046a00e5538381d795573aec2eb85751220aaab73e0cb3e30bd773596fb45bc08e1ef1172bf8b1b6de431f90d1af0d3bcb0cc926360a460e47883a5a53539baf1f487efc349f6618af5600e4fd7f4d32ac6cb0dc2484ff95940f4046b9600b64b799d03a855004aabb5223a494aca1806650a7a3211bafc475d29789f871a86e2ee0168e55380db838f0f88dfebe9a63f155c0dbaf88953294a39dbb9ef547f8528398dbe18cefe9f48f798a0b8d318aa42a19091cc07f872af88f43fa1d4dcec7c4a5436003002cf6f58e21cab8036008d5fd353300319f8635d28a95a390c6c3de07077fcf577494c991ccbb69d358611afb31da51d5dbc54c2637c818f1f3d08d6f07ad5cfca54b163b01e3a69494e3a81f96abe789e20c117ef7523ae3cb43faf0789e6bb220e5b2d9496bb62da29d8773cdf6ccad81239c17fa0017e6744af511476d47db05799479edb6a827a5924b943091c9130283946c363ab0ba966bad45205c2c54cbdd8c607519c690d42166c4c60289ea093beb85b68cefde46b3b1f03990281f40da93c694b256da255a7884b510733aa993907461b9df6dcebbdb6dc5af94d2280441dd216f458e4dbfeadf5e29ea6296f5ecb360c752922939c6409181f5047efa3696ad8f923888ea1f70c0821c00f506869679151237ca48b0ca261049d08c8eaa7c41008db23ae94bfda17b3ea4abeff00896cb072a280d57020d8024812a63aa1c104755208234d9b5dba9786f8faa9af937b23d739829ee3137f74b800c408e75e91d4467033b7306d157165aa829b87a749e0460ccd2b2b385110e9239277111f779c8fba70fe075d5269c56c6bf079139fb9fec5dfe44fffd9, '2026-07-03 06:43:46'),
(3, 5, 'Cardiologist', 'MD, FACC', 15, '01234567890', 5, 'Board-certified cardiologist specializing in interventional cardiology.', 0xffd8ffe000104a46494600010101004800480000ffe202a04943435f50524f46494c45000101000002906c636d73043000006d6e74725247422058595a2007df00080013001200160031616373704150504c0000000000000000000000000000000000000000000000000000f6d6000100000000d32d6c636d7300000000000000000000000000000000000000000000000000000000000000000000000000000000000000000000000b64657363000001080000003863707274000001400000004e77747074000001900000001463686164000001a40000002c7258595a000001d0000000146258595a000001e4000000146758595a000001f800000014725452430000020c00000020675452430000022c00000020625452430000024c000000206368726d0000026c000000246d6c756300000000000000010000000c656e55530000001c0000001c00730052004700420020006200750069006c0074002d0069006e00006d6c756300000000000000010000000c656e5553000000320000001c004e006f00200063006f0070007900720069006700680074002c002000750073006500200066007200650065006c00790000000058595a20000000000000f6d6000100000000d32d736633320000000000010c4a000005e3fffff32a0000079b0000fd87fffffba2fffffda3000003d80000c09458595a200000000000006f94000038ee0000039058595a20000000000000249d00000f830000b6be58595a2000000000000062a50000b790000018de706172610000000000030000000266660000f2a700000d59000013d000000a5b706172610000000000030000000266660000f2a700000d59000013d000000a5b706172610000000000030000000266660000f2a700000d59000013d000000a5b6368726d00000000000300000000a3d70000547b00004ccd0000999a0000266600000f5cffdb004300080606070605080707070909080a0c140d0c0b0b0c1912130f141d1a1f1e1d1a1c1c20242e2720222c231c1c2837292c30313434341f27393d38323c2e333432ffdb0043010909090c0b0c180d0d1832211c213232323232323232323232323232323232323232323232323232323232323232323232323232323232323232323232323232ffc00011080080008003012200021101031101ffc4001c0000010403010000000000000000000000010005060702030408ffc400361000010303010603070304030100000000010002030405111206132131415122718114326191b1c1d10742a1245262e115162392ffc4001a010002030101000000000000000000000002030001040506ffc4002411000202020300010403000000000000000001021103210412311305225171324161ffda000c03010002110311003f00b88228228800a2822aca0a2b07bdb1b1cf7b835ad1924f4516b95f9d50f7470bb4423e6e432928fa1462e5e12396be9a1243a5048e8de2b49ba421ba8f8474cf33e81442296699fe021bfe4ee27d13d42d8a9a1d73485a0f5e6e779048f95b1bf1a5e8abf6ba1a027552cae00649d38faae0a7fd49b449208e76cd4e4f57c64b7ffa6e426ebbdb6a6f6c7365de53d1b48d316bcba43d33f85d764fd3ea4a4877b530366a8908e04e1b18e80f728bbc8ae8897d15c69ae108969e56bda78e5a72bad47e936765b6d419e0ac0c669c081a3c03e656c8efce6579a4a9a595879891be2691df298a6980e2d0f692008700472292300491490508608840221516109209b3682b8d0da647b0e247781be6546e95912b7431ed25f77b29a2a639634f8ddd09fc2608ddadc037c4e3d4f5ff004b8f39272e1cf2e71ea7f0b38ab341221e03f73cf558653b766c8c125448217b29781c3e7c6789e0df3fc2db04b2d4d4b47173cf53dbec13551ef2500341009cea3cddf1ff006a4147baa78b0d78c9f7a4cfdfaa14c3711e29636308e1a9cde44f13f1c27688640fba6682560c68639d9ebc827684bdec1fb47c3804e8b14d519cd86b0e748e1cdca157992baaef9470d2443711664a89e41a406f20d03e27eca6ae68682236ef1e78924f04df3d24b50df1bb568391c300bfbe3b051948c6d35b157dbd9345ab1c8870c1042ee4dd4c1b4d51b88fdc0d03e41382d10768cf354c59492ca08c1304504828432515db4948829a3071c4b8a94a83edcbcbaae08b386e825df01d52f2bfb58cc4ae4887c936f8800911e70d19e2ef8f92efa28b2c0ec64797d136c7a659353bc318fa7658575ee393fa5a5a88e2d3c0648193eab01bd2fc1288ea31e11800fbce279faaee8ae0212dd0359fee71e4ab7a4acad86a0b6aaa4cae27c2718fe14ba48aa5f6a3346fd196f027a2a1aa1ad938a0ad74ad0ec31bf1238a798b54806a712dee7ec154367a8b9fb4869bb39d93eee8073eaaceb4d357ee06feaf7cd23c4d733493e58e49d069e8464850e8ea989ac79126ee267bf21fa05c957538877b973220cc860e78fcae7b842fc461acf0eb0037a0ff0023df1f54229e2ae0666383a22e0c6f9045625aa37d2b1ce7c923c6090de1db9aeb5c165aa15b6f6546083338b803cc37a2ec278a7e2f046533ca59586514d1404562115458557fb744baef147c9ae8464fc32ac050cdbca273e08ab18325a3438f6ec9797711b89d48ac6ba77d5559a2a725ac68c923ba697ec83591bdb3095c1ee0f73b23248e5c4a74b580daea891ffdcd1fc29154d5b3d9727b2c29b5b474942325b22f436f742e829c17901e346a39207657055d9ddff563046dff00d0c7c3e4ab8b17f577685ee6e966b1827a8eeaee2dde5b43a36ea2d6f01dd14637649beb491e7eaeb1d6d5d4963aae7a66070c398d3e103cb9faab4f632dd70a06c460bf495948581a69aa185c1b81cdae24b81ee0e47c026bacb9d2d456be2dd98de1d8735c3041531d9b8d8d682de585706ee8992292ecc74b842e36ea823dfddb88f3c2aa3f4e7689ee6c76bab712f25e43c9eb9247d71e8adbbb4a62b5d53c0c9113f03b9c1544ece504b49b434acd24e89c073bcce084c7a667a6e365c76a8d94f48e8d83018e2d0baf2b5411eea2c638925c7cd6c5a71aa898723b9192594022118204504551615cf5d491d7514b4f20cb5ed23c974049517651b78b4d459ee13c52374ebc39a7a1c705c124d238303bdde5eaadedb2b27fcb5a0be1666a613a99f11d47d154551032aa8a48246904647620ac3961d6474f8f93b44547354d1d7426370735a47007055ab69bed7d408cd380c85a305b23725c7e6a9db05ba827ddd357bea22903b1be0ecb5c07d0ab56d56ab150dae19a5ad9e5263c80d2e249c8ce00f8154a2ef43bedaa97bfa19f6aadf511d44970dd90f2ed47860152ad89b80a8b7b24cf03c38f42a257ba2b9dceb193c12d7535be421ada499f92e3d496f1c01e6a65b396c16ea411b7f73b57928b522a5fc298edb5377a5b2eced4dc6b4bfd9e2d3ac30649cb80c01eaa2bb254adbb35b7a7b1fb990eb84481a1c789e2e0de19f24ffb53693b434b496c9180d13a712d51cf36b78868f338f9272829e2a5a7641046d8e28da1ad6b460001688e3eced982797aaea8c8a0b2c2585a4c80442492843108a01154585158a2a102402083d556bb73616d05636e74edc4152ed3281fb5fdfd7ea159595c974a4a5afb6545356e3d9dec3ace71a71c7503d08e683243b4686e29b84aca35b6b93da77b04ae66ae78e20fa29f6cad198a46cd33cc8f6f1680d030a1f455d1c154e85ef0e68386b9dc350e854f6d174a081add5347a88e0d69c93e8161bafecec77974a448bd937afdecb8c8f8725d14f1f8f0de5dfb2c699cfac01cecb23e8dea7cd38b226b000060235bda32b75a669d3a4904e78a4b64befe56b5b20ee28e7e455260c248a48c00248a05421ac2595ae49a3863324af6b1839b9c700262aadaaa78dc5b4b13a63fdc7c23f282538c7d0e3094bc448826ebc6d05a767e9db35d6be1a563f3a37878bb1cf00712a2d57b537091a74b9b037bb071f99543ed65fea7682fb354cd33e56467770ea767c20fdf9a98e6b23d17931b82d9685dbf5d58ca991968b536481b90d96a5e4171efa4721e6570b36a2f97ab489ae15cf77b48d462600d8da3a0002a870718eaacdb5349b352b71c44607f08394fac524338b14e4db302d1338829fac306e6a1ae031c7a04d6d80ef4103d1492df4ee6b438378ae6c8e9c3458569a82e6b4124f9a900702dca88d9db234024293b1f88b253b1bd08cab66e7b7537c942ee5b7f6cb55f9f6ca9649a63003e6678b0f3d309e3682fd1d96cf5156e209637c23b9e8bcf13d4cb55592d4cce2e9242e7b89ea495d3e0e1f924dbf0e77327d22abd3d0b6cda8b35d9cc8e92be274cfe513bc2ff00914eebce7b1d52f1b536f6e4e455b3eabd0ed97b8f923e44618a4927e8ac3df226e8da8241c0f2492934fc0da6bd2b6ba5ea4bb56bb4922998711b7ee7e2b5b1996a6ba2e6329d7781ad5cb949c9db3ad08a8aa4336d5550b7eced5cc0e1fa0b59e6787dd5278c01e6ac8fd48aff00e8e9a941f7de5e47c00fc955c8196463be4ae970e158eff273b972fbebf018c6658c633923eaaf5a5a5a6f678c3620d01a3800a8d6f827611fb7047a715e84b740da8a1a795a3c3246d70f50879b1a486709a6d98d35b2926387b070e453b53d04717bb9c2d7153963b927385bcb2b9d46f6e8e9a6788d8382deeacc8c38e02d4183098b6aaef0d9ad12d438f8b1860cf12ee813229bd21726bd6443f52f6923aa9a0b3d2bb2233bc9dc3bf41e9cfe4abf3278bb70cfd162677d5d4c9512925ee25eecf52b43de7593d74e7ecbd371b17c38944f3f9f27cb91c877d8b934ed7db5ce3c37fabe4bd071d46b6e72bcf5b1cdced85bd9d893fc1576b2a0b001d1727ea52a9c7f474f811b837fe8ff0014be21c5383622f6647351ea4a8cbc12a5145207c6163c6dde8d1952ad9fffd9, '2026-07-03 06:45:48'),
(4, 6, 'Neurologist', 'MD, PhD', 12, '01234567890', 7, 'Expert in neurological disorders and stroke treatment.', 0xffd8ffe000104a46494600010101004800480000ffe202a04943435f50524f46494c45000101000002906c636d73043000006d6e74725247422058595a2007dd000c000400010010002e616373704150504c0000000000000000000000000000000000000000000000000000f6d6000100000000d32d6c636d7300000000000000000000000000000000000000000000000000000000000000000000000000000000000000000000000b64657363000001080000003863707274000001400000004e77747074000001900000001463686164000001a40000002c7258595a000001d0000000146258595a000001e4000000146758595a000001f800000014725452430000020c00000020675452430000022c00000020625452430000024c000000206368726d0000026c000000246d6c756300000000000000010000000c656e55530000001c0000001c00730052004700420020006200750069006c0074002d0069006e00006d6c756300000000000000010000000c656e5553000000320000001c004e006f00200063006f0070007900720069006700680074002c002000750073006500200066007200650065006c00790000000058595a20000000000000f6d6000100000000d32d736633320000000000010c4a000005e3fffff32a0000079b0000fd87fffffba2fffffda3000003d80000c09458595a200000000000006f94000038ee0000039058595a20000000000000249d00000f830000b6be58595a2000000000000062a50000b790000018de706172610000000000030000000266660000f2a700000d59000013d000000a5b706172610000000000030000000266660000f2a700000d59000013d000000a5b706172610000000000030000000266660000f2a700000d59000013d000000a5b6368726d00000000000300000000a3d70000547b00004ccd0000999a0000266600000f5cffdb0043000503040404030504040405050506070c08070707070f0b0b090c110f1212110f111113161c1713141a1511111821181a1d1d1f1f1f13172224221e241c1e1f1effdb0043010505050706070e08080e1e1411141e1e1e1e1e1e1e1e1e1e1e1e1e1e1e1e1e1e1e1e1e1e1e1e1e1e1e1e1e1e1e1e1e1e1e1e1e1e1e1e1e1e1e1e1e1e1e1e1e1effc00011080080008003012200021101031101ffc4001c0000020301010101000000000000000000050603040708020100ffc4003b100002010303030105060405040300000001020300041105062112314151071322617114328191a1b1152342c116243372d1254362f03452e1ffc4001a010002030101000000000000000000000004050102030006ffc40027110002020104020202020300000000000001020011030412213113412251058161a114b1c1ffda000c03010002110311003f00e84defa5db7db229e38ba646fbec3cd0fd33434d40f5348511783d23934c9bb7928be809a1ba4dc8b4b195c9fa7d6929344d46805a88d1a6db456b691c10921506066ae2838e067f0a44875abc572cb2719ed4cf05a5b6a96b1cd7f02cf9190af92a3f0ed4421ae262c3dc2bc8ee08fa8a47de7b876fe9d7871a8f4ea2a3a4adb9cb0ff71ec3f1a46f6dfbb74adb96b269fb7a4974dbb0ea973736d2b2aa21fbca133d2cd8e391c66b18d2b5482780c9673b2c6c43c92c921663ff0091c939391e7d6ad72f8f16e17364d4fdaa33ca6d63226923241eb9813c0ef81f4fc2b3bdc9b93716bf3a4d35d08a001d81742dd39e074ae40edce6965f58d2a16373ee84920cc864939724838e78ef9a1d75b8a47e98e47324ec3abdca01e7d4ff00481fdaa4024cdd71d08f7a16e8d4f4c962961d5ee9040a7a541508fd89ebe3e2cf9f39ad636a7b57d2258cdbdf131c8b2052c30339ee7038ce4f618fa57377db2f8db0919439c8382708bff9127be2bd596a3676f7124b1dc42f740657dde727d01c678a8205d092715f2676be9da95a5fda45716d3c724727dd2a7bd57d6f45b5d4e2cb288e61f75d7b8ae60d83bf9342d562d42398cf14618bc7d4c15958107bf19f3f857436c3de9a6ee48162fb55b2de7409444ad8678cf66e93c8c7008f1f8d66037b983a1437006a16977a6cdeeaf17e1ce1241d8d47d6411cd69579676f770186e235756f95216e5d167d1f3710754b6b9c91e56adbabb951cc8629c83df8ab51cea7ce6825bdd4520ea4393e9e6a759c8353c196b223bee6c195b3e1681adacb73665226e93de896af789737372a878438af9a5b08ad1a47380334213d913451d0315cc7716f398c9ce0d346b3af2695b16e751f781248e2e94f52e7818140ee65596e5dc01c9e2977db125e49ecbae65b38c178ae132f8395527071cf9247ad6fd012a16cd4c1b76dc5bdcdedc5c4ef1b5db5c164663d7d79030319e31dff00114422db37c76fab10dd4fcb8e9efc734bdb07499758ddb6905ca830c12990a01f0f7ce4fad7459b385635428b803b62b9cd7c4187625157539875ad3b50b3326626084100807bd2ea3eab21f756ea6104f0380ce47a9f35d43a9e9165708e8d0a1461f748e295ef36a589e442aa179185aaaea5d7822e1074c8fc935311b25b990937b2dc127b0ea23f5153dc477291982291c2b78588863e996ee71f3ad49b6bdace92663032dffe83fad45fe15eb52863663d8301cd70d41ddd4b369d36f710b6c453c6c6c98995383d4dd81fafcb9a78db9b97f875bdec31c78b823dec5227fa96ccb921e3c7dd39c823b1c9c839a8f50dad77a7695732dbaaaba46494c72cbe7e943f6488defd248e25396c3c4475038f008e79cf63ebdeb704b7244072e355140cec6d95ac2ebdb534cd6814ff00356cb2315042f5630719f1906a0dd3ab59a59496df0caec0823c0a5db7bd8b4dd0ad34ad38086dade20800e3be49fd49a25b3a5d0a7133ea3342f3e7012423b5648a72b6d1026ac43718ab1c11ac4088c29f515e18815a3d86dad0e46f7ad28995892a824c281e07146ed746d2ad80f73636ebf3e904d6e34ac7b3323aa5f42255f5b7ba9259972048726a95fca62b2540f80c7b55ab7d41350d2239320b9143f5b8c18233939341aa90a418616058112975600a83799f7bece358b7924283a54823fdc07f7ab7696ccd69ef3a8654f634237ec927f80f578635c3988303e98604fe99a9bb1380a22667ecab4e86d7587f76b9e8072e7b926b4db92dd5f41cd277b28b432c5757cc3e00dd0a7d7cd36dec8918c92067d6a86eae30c42daa52991c8354665273c66ae3dd46dc0c7e154ef01913a5673129ee40c9ac4130c0a0c15a690e92c98f83dfb2827e5c67e945218f0718151c30451449120088061454e96d0701d9881fd3d6715a632d72aea009ee1b64bc13a3a868c2153f3f515987b33d064b2de5f102d6c19cbf39f895b2bfa56c56100f76c23002f4950078a51db91a43a95e32441640ec1d8fae71fb0a6680ecb312ea1e9b6cbfb9754d65f50586d50476a3efb793f4aaf6d24a017cb97c77344e18da49cb4ccbd1e39ab816d57ee85fde851f1ea6471d9b266777bba37269f7d208a0bbe856f84a935247ed7f73c328eb96f7ab006589a7d992d9864a21fc2875dd858c8a4b5ba13f4a9ddb79a93e20dc710eec4be96e9191d8f4a1c28a2fbaaf8da342319534b5ecb417b7b863fd3263f4a29bd9b3342be95a6a07666183d08e9b6ede27d1cb4dd3971902b38dd26eafaef59d2d64916211344141c78eff008e68a596e282dad9236b820a8ed9a11addc7db9e6b8b37e2e1951d877cf209fd450b9f1ec50eb1a7e37206cac8d44d712aec946d3fd9edbcabc4b397605879ce3f6159a6fbdc1a949773c715edc3bc270e2d61ea0993803a890339f02b5edb5024fb374e898f5aa44573ea412287ea7a5da980c42de3e91e3a78aa3f241f50ac242d9ae6609a0ebfb8d2ebde2eab7a2069047d7342ac993c81c1ef5b46db6bdbcd3d249d919c0e597b13547fc2d048c02c31a007380831f9535e95622cf4e20f07ab358382cd63810d565da17b333ddfdafea3a0232c4d02b91f01704fe82912c37aee2be9f2753b68c86e9c32322e7eb8c56bbbdf6f1d4de29955095c30ea5cf23b7e34b9a2ecf821d505d187a64c11d4a72307b8c1e3b13e3cd1989029a683e4c9b9015ab1dc64f65daceaf712a5bea7123a38fe5cd1b64558d334b173ab6a804c1164bb64c75608c31a21b4f41b4d22e163d395a384b7508cb6421f967b0aa172ae6fd5e12a33aacb2be3b614e467f2a315db1e317c9b8b5b4e9a8cc45d0a27fa8c8bb223283a6f275e3ffbd786d93228f87509ff003a8bf8e5fc6caa5f20f9afb73b92f131eed8353af021f53ca799fee7c9365dee085d4a4a89b68ea8a30b7e48f9ad4f69b92fddc8603b51cb0d4e69ad83b01cd47f8d8cfa124ea320f662a7b226274fb927ccc68a6f07eabc41f2a05ec81d9b4eb8e7fef351adcccbfc493abb01cd24cbc8263ac6288889a969ba9bcaf34120553d81146f638b88ac2eadefc2f50f89189ee09191fa536c1aa6d86b55864740e060d52960d0e7cfd9ef1467c06aab63665db73b0ea062cbbea57d9929fe032db86cfb8bb9630de08ce7fbd58bd20b1e78142f693c5026ad6680afbbbe7c67ce40e6be6b5782243923eb40666d8b1fe9487fdc9ad6e91af5608f0ce7bd16bb2121552396e4d248d4ec2ca16ba7bc547e705587567d055383da1d8dcdb80eee5d38ea618c81e6b2c592d798678896f8c7bbc744b44958614fc24fa55210ab3875e09f23cd08d3371db6b764d15adc078c70c318ce68a69921c04639fad3067b20404256e27ee105ba163673dcf4e4c519200ee4f603f322810b77b3b711487323b7531cf93c9ab9baa64b4d3edd5c13d73ab301e42f3fbe2aa6a57125e18e68d4296c119f14526324adc599b52111ebb3c7ea7b7fbc3273f5ab50c36d22753b85f957dd3346f7c04b7b78a14f8068ec369b76d61e992e10fcc9aef1e42793fdc5de4c607022eca9146730b6462aed85d5c0815531d346b49d1b40d42599d2ed02a8e70d4c9a26cad1e6d3e397dfbb7573956e2ae98b25ddcab64c67d4c1342dcd67b6ad64b6b28f51ba691cbb4a614551f4cb50bdc1ed0353577b88e1be7217211a384e7e5c36691adf5c6995a391c09a2e1b9c75afafd6bf4fa9c32c5d3ef1962f073cc67fe2adf18d170a886a1dfd3df69ef717282293a8a98e289a4e83e33c76f5f4a2db5bda0e83122cd750323af0fd2c5933f26ff9ac975299adb506c1e88e5e182b7ebfde843dfc8f134321fe63cf862063206054ed561c890c8a0f337cb7dd90a6e096f62262b3bf4f7b1f58c648e09c7c80af3bab70c9a92c76f63d44b2e463b364e3eb40f72e87733fb22d3afec8335ed9abcfd2072d13771ebc00ad8fad257b3edcf2417b19987582f8048e73e31497578b75b27a319e9322a3853fa8e573a46a2b02fdb2ce77933d4ad110c3a7d31e2823e956b24e97126a06178c90d13ae31f2e6b601a8dabd824863eb565071e41f5a5abcdc5a335e88a51d6c08c07881c678f343612a4771d62cb8c8f92c53d0e77b0bb324775eec720108c7aff002ffdf35a36c8d5e4b9491a77248607278279e0e2a6b16d365844c403f0f07a7e103e5e948dbff7159eddb91159001ae3258a9ef8e39a2d52dc053715eab263a35c477dd1baf4737c2d2faefdd8588852a8580627ce3b715e6eef21bfd2231a66a16d248071fcd09fbe2b02975696f3516b891b2b9031f21446defb334499f84bf23d69da7c6a206d32e404df735ddba75d86f6487533208c7dce7a95be87cd45bc13507b1636bd7d45bc1a01b4f78bb4891193ad0e72afdb038a7099af2f61f7967d3242e3238e47c8d68b883359340c033e038546d17066d51ac595bc8e6e1d15d4750cf7a79b4d735883418cda5fc88c17804d27b596a8630a4103ce054a89a9244b186002f8ab1f1a70ac0ccfe4fc95339f6eaf5a29e3983b2b1f85b07f2afdf6d20f7c86f18e41f34299bdedbc9139c3af6cf7a81672554f238ea39f5ec687a8dfc84421a85c996d8e41ea8ce07fb7c50c77ff00371bf6ce1b19f353b312ecbdcb023354256f801edd2dc9ae123237b9d61a248836e5847190556d6303d0fc22b07f685a15d6d4dc2b7f68bff4eb898c91b0ff00b4fe50fa0e78ad1bd94ee04d4f695b45d60cd6abee645f231d8fe23147f59b2b3d4b4e9ecaf611241329565faf915e7bced87310c38f71d78065c40a9e7b116340de5a7cf650dacc00ea4cb738c0c76f955717da7cfa999fddc61410aa00e07e3f4a42dc7b1b7068337bfd29ff0088da93f088f8751e857cfe141c5c6e859d2c8e997def9b844f70dd5cf6f15a8d1a39bc4d2135cd88565520cd9753dc515a68f3c7661212a84fc4dc5647aaeaa750d5ede791fa9ca160493f3e7ff7d29874edabadff000bb8d637729b0d2ed62795e0eb1ef67e385c0cf4e4e067e7c56790ca5b5ceb2a132edf0a8e1463b0f9534d1e01887d98af57a83948e28425692e1796e7d28869b3e2e22c1270ee739f45a0d6ef8c75607e35634f9cc73123fa448473f2028b992bc61db97456ee4909c086063dfc9ada3d966ba22492090093283863e719ac0f47930b3337691829fa0e7fe29f765df18ee2d42b7c57372aa307fa4b63f606b5ef1951fcca9a7ee6f2358b564e96b5539f42287dd4765348640d3459f0bda96ed2cdd2f5944b2633c0eaa9354fb524cbee67318000c019c9af30baacc0163ea12da6c5607dce669255ea8ee23e9193823d3e550a11ef245ce07247e20ff715fa66c96edd2f8cf8e93e0d5747fe7c671cf623e60d7a280b373ccb91bf0a71e31c9aa92819950f9e454d192cbdf1dc702a29d7fcc60e7918fd2a6a413c427b1b71dcedcd596e6325a26f8278f3c30f5fad6f9a5ebd61a8dac73c32af4b2f63c62b99072cae3d39a31a46b37fa6ff00f1e52633dd49e297eaf44339dc3830fd0ebbc2363f5fea7454d2000b23291e39af5657a031251630a39726b10b7df7aa44b81d2463b30e0553d5373eb1aa2fba9ae59626ee8bf0a9fcbbd0fa7fc7640c0c3337e47095a1197db36f68f538a3d034a93aad4ca0cf28ed2107b0f90f5f26b3ab6c8d4d4e7932915f75218b8b719c90727f3af283a6ed5fbff37391f5a70318414224772ef665a4f84e71fd479af51390b330e00561fb5464ff00a9819218fef5e3abf972a8edd5827f2cfed532491085a4a522488120b9fde9d366dc2c9aee991e72b19698f9c2af0bf9924d20c0c1e5524903e5e053c6c343efe4bd7e1a42123f922ffc9adb126e3241fa9b85a32b5db74fd6bc5ef4999c373823150e8b3075139600320f354ef2e55f52f8240dce0e0d794d4e3f18753f7ff631c7f2653fc4ffd9, '2026-07-03 06:47:14'),
(5, 7, 'Dermatologist', 'MD', 8, '01234567890', 9, 'Skincare specialist treating all dermatological conditions.', 0xffd8ffe000104a46494600010101004800480000ffdb004300030202020202030202020303030304060404040404080606050609080a0a090809090a0c0f0c0a0b0e0b09090d110d0e0f101011100a0c12131210130f101010ffdb00430103030304030408040408100b090b1010101010101010101010101010101010101010101010101010101010101010101010101010101010101010101010101010ffc00011080080008003012200021101031101ffc4001d000002020301010100000000000000000004060507030809020100ffc4003f1000010303030105050603050900000000010203040005110612213107132241510814326181237191a1b1c1155262163372d1e10917182435424353b2ffc4001a010002030101000000000000000000000003040102050600ffc400311100010401030203060505000000000000010002031104122131054113517114152291b1d181a1c1e1f02332426162ffda000c03010002110311003f00d9a8483c54ac741c62858ac9e98a9461bf235c8d6ebaa1c2caca15c7347b283d6b132818e946329f95410ac1646d2ac7dd59b69c0c57e6d06884b755a4442942c6083591a0ee793450685644b491c6066a294ecbd309345a1270000493c01589b4e0549da501523763e0493f8d7991eb706aa3dfa1a4a1148707c4da87de2b13833455d759da2cf3d76e96ccf5b8d212e2d4cc553a8485671929e9d0f9544c8ed1b472b872e05927ff00745751faa6892e386706ff0004164ce77f8af6ea3efe6837918f3afdfdb3d2320e1ad416dcfa17d293f9e2bd0b8da650cc7b845773fc8fa55fa1a4dcd2138d36a3643671517250a14c2eb4d2c129c9cfa546498c0e70a3f51420ae5b6a0a3a07a54830df9d0f1d1eb47b291c0ad4490443281463491c71581a4d1216865b53ae1094a46493e42a08560578b9ddad361b7bd76bddc63c18719256ebefb810da13ea49aa1af7edb7d9b5b6f13ad56ab4dd2e8dc0ddde4b65294b24271c824e4a4e7838ad76f6ddf69093aa5c5766da7df0cd96348c4d5ecc97dd4e0a52ae7e1f3ad541ae2ed01c4b9166b7b9e6cb4e293c778823052a1d0fd6b730fa40923d72f27b2427cff0dda5aba2ce7b5aea1d5cb4c7d22cdb2ce85257f6d27ed5608e40e709191f7d0dff00117abbb9cffbc7b23f29a56d53698a86c150f2503d3a7506b9acdea3b8455a9c8b74753b89cb6be9f8f423f0e9595ed5736535de2dd5a2424614adc4938f5a77dd31b7802bd103de208df95d32b77b6d58ad4942afb7083714aca398cd96d412a073e67949073f97955911fdb0fb3cd3cf36353459511a9881dcc96f6baca8e7a6f49f4e6b8e22e2fb8b2a53c7c5c9c9f3a6bb7eb8ba2acabb4bf39c31b701ddaf2a18f2c7a115e7f4889a439bcaab33cc96c7f0bb8ba175769ad5c9b86a1b15c597d997243095850f177481f9788d33488b11f47dbc565c1fd6d83fa8ae3a760ded0daa7b2cbddba27f13764d8a44c42de8bbf76d1919dbe991fbd75d34bea7b66b0d3f0efd6796dc88b2db0b4ba839493e601f91e2b332a07636c7708e087fc41609fa6b4dc927bfb1c05fccb091fa0a5cb87669a12592a774dc5493e682a47e869ce464138e6817067ad672723e157d2bb23d1c7262a2e310f918f3569c544caecad2d7fd3b5e6a788474ff009dde3f022acb7bcc62a3e483c9150512c84b6ca7a51cc81c0a09919a3991d0d7a95516d9ad67f6dbedbb51765f64b45934ea436abb8715264146e0da124600f2e49fc2b665b1c56bb7b71d9ad133b23937597012b9304e1a7d6404a7775073d4fa531881a676878b08735f8674ae656a3bf4bbfce76e535e52a43a495af3f19c93cfe34b8fa9695039ce289929fb5210aea78db46dbf4a5f2ee4262c45ace320e319aed3660f25ce53a53b0b2a1a478805a7a1e95883bc609ea314e89ecaf58960ba6dabdbd707ad036becf6fb75b88b7370dc4bb9c2bc3d2abe3c6013689ec73d81a4ee96d24edeb820d10c3caeed69cf4e45598ff60ba823b7de7c400e6819dd8edee1a3bd6d2543d31cd07db60770e099f7565b77d0529449dc369ddb481918e39aec37b10eb36f55f6016021d4ad76d6cc35ec00046c3c0c0f3c724f9e6b90171d392ede363c85a7194e76fe95bdff00ecc6d6aa80ad4da0e7485665474ce8c92ac8de8c85003a0f09cfd292ea6c6cb06b6f644c50f8e4f0de16faa6cf0e4b1efaebd25b71d51512dba40ea7ca8772d0919ee6f7351fe250352c3ece332dfa2467f0ac0b20f15cd1256a00a0a45bee48feeb50e72780b641cfe7591d614d36969d74bab09056bc0193f7510425cb97f84247effbd6298b05c51fa542b809619e3146b4681678a31aaf52aa35b355afb4c69c8ba8fb0cd60c3f1d4fae3dade94ca42ca485a06ecf1f2cd590d9c543ebf846e7a0352dbc004c8b44c6c0233c96542af19d2f0479a870b042e3f7653a4a0ea5d5ecc4b88cb29cab6f9123cab67a0e8eb640011161b690063848aa5fb04b1b8e6a879c2823b9655b55e42b67a0476d6529537bba56cf5498f89a41ec9ee858ed6c25c46f69711606cb7e2693c7a0afb1b4e5bda79529b8ad25dfe709c1a7f16c68a010d27d0d12dd9e3a9b24b2011d6b11cf256fdb47655f3909010ae001f3a889301b583b929231d2acf97608e5852c2462946e5662c925a00e0e78a5f510530c2d70543f6bb6a86c371d4d3694b8acf414c1ec7d796f48f6cd659264869a98e98ae02719ef06d209af3dace9ebb5c6337321b0569692aef40ea3d0e2933b203311db0e8c8a825a71cbd4343994e48cba9c9ae8b11c25c52d27cd727d5585b91aaa9763a42bc58cf4a156a3599f578d58f5a15c5e326b192e848cb264bcef9027fcbf6a1df70927359a2f0c2d67cc7eb42bbe66a8aca01a34634aa8e69745b4bab95547b4b1eb5f65bb09a8321cb93adb5112d2cbeb7141284b7b4ee2a278000ce4d0e8562bf4fb7c2bcdae5d9ee6d77b127c7722c846e23736b494a867cb209e6bcbcb98f66d5f63d26edfac7a2593a82e2d5d2434cb9090571d6c070f74b2e8f0e08c719af2e6beedcedc9f7b9112130c8ea859687d3e2cd58b69ecc468bd43ab2d572bb49b85dad57999082df5ee539152965c8ab3f32d3a067fa4d245dbb3d957955ddcd42ebce3b291882e21cc263ac1cf29c8c83d09cf1e95b84c464f8a8df73ba7a08a693183984d8ecda1f3e54ee9af68e921947f6a2108eda494baf3595b6de00c15119001f99f2a7a7fda0fb3962daa9cbd550949c0ca50e6e5e4f4f08e4d5036ed23074e5b243f29f5adf8a879e98fa010d14107ecc03c103f7a911eccc2dfd9846d6ad4e94ad48cc76ee3ee6529ee540617dce319cede339eb42921c426c9a1748ed7f50600c0c04d59be47cb9b4c9aabb7fd5b310458ede9b7c552becdf9cad8a70791d9c9fc697adda97595e9a4a57da032cc92e1514efc248f203c191ce7f2a9045a74fdd1c6af92e23b2e2dc23e5a7507fba0e27214063a8cfe22bc58fb2b890acd262ee3366cb750599491ddf7084f18039c9503ce78a80ec78d944007d2fea88fc7c99246916e61ee0d7d1483daa35ce9b536eea28506e101dca3df553db61b4109246f52d2903760819ea7033934cdd94767169bef699a0fb4f6afd023c497738efbf6c4f2f44211de20af693f11180303eb5197ed2328e865e999ce17ff0089cb8515b4ab920fbc214afc10859fa53c763ac40d3bdb01b84e8810d2aef112d6518406d010060fc89fca82656319ae314e37c796dfcfc144b8724d31889258ddfccdd13cfcbe6ba06f39e3513ea68392b2195abfa481595c5f279a126380358f5501fbd22e0b182fc83b22e3d4d06ea8734438a0186d3ebcd06e1a13876529699728b69c071cd4430f74e68e65ca2af2934399a250be3e751cdb9f3a290bcf9d452f2d6bedc7495e74f76aae6b5b2c362731a861a512a238f77256b6920052164101606460f0411c8c0a439b22f0fa77afb3f96d6e1ff92745da3ea167f4ada8ed234a235559438977bb916e0b90ce13bb7613ca7e59c75aa319798520fd92323cc8fd68ed7ea1b85bb80fd4d1a4915c8dbf50aaf7b465c7522d88978871615bbbe438e456165d5be5272038b21236679da91ce064e38ab3ef909c6ed696d28c009000f5a5ad612ee88b6494d92488b25d416da905017dc9fe6da7834b3a96e3ad6e964871adfaa1a817361085bf34440e21d291c90827804f38aacadf11a37a0b6e3610ed4d17f53f4fb21a268fb8dade7c69b90c886e3aa71506532569656a3957765242900939c723249007353d159d4c8486cda6cc83c78cbaff00ff0021b1fad1fa7ae3366776fcd4a7bf0d210eac23625c581ca8273c0f95317be3696f771d295925701f16eaf242d67f6d8f43fcfc92c7f0b96fce8f72bd4c6dd5c34abddd96192d32d2d49c2978512a5af1919270013803269d3b3dd3cc6acd5d6db7b870843c1e56d464ed472493e438c7d695674e548749e76a6b67bb2ceceadda42d8cde4bcfbb709d151de0708dacee014a4a703d7d7d2ab1ea91d6565e6cadc361ad9c6ebd5584a7073414c732a6d39f327f2ff5af6a728275cdf2909cf403f33fe9472b97a44c95e084e7a26845aebec87b2e2a8553d5472b24b8f23a549477f38e6a01973e7522c3c7ad15794e34ed14dbb512cbd91d68c61c0549049c138351caf552900b0a04286524608f515ad7ab6d8bd3b7bb85b57c25a5a8b7f341e527f0c56cc88f14f01c707cf155c76cda0557ab38bfda949766c14ed5b690773cd75200f323923ebf2a9d24729cc198472d13b15abb77d5e865f7e3bb6496e147882f194293ea31d7eea81775d5a9a254613aa71430a414a8003eec669a6e9110e3417dc9294f4238a579371529d3144552719485103fcb34d3042e6fc5caef307d9cb7fa868a91b66b7b238e34c32c4f61d5ab84772a291f5c6314e2c4d4ca8fde36a1b57c839a4bb6c543677adb3b943a9a3e65e58b63182eed091ce6b3a76b75546144cc66a3e1f0a69d9086dd6db2a1cac151f519ad96b37b44f657354d5a645f5db54b461aeeae51971b2a1c70a50da727a60d6a2439afcb0ab83c0a1b093dd85753f3a7bbdbf69760db64ce4b325a9ac277c5563ed0848ddd41c0c788ab0700138a9c7a0ed0b272f09b94e6b4824ffa34b701a9ac4a653222bc875a58ca56850503f5143a1dccb51cf4fd85545d845f594b72ec0cb0188db10f44401b404a46d3819e0118da39e139e8a4d5a71dcdca75cfbff5a33dba5da57339d89ec7398aec763e60ac8ec824922849327ba65c709f8524d7c715d79a8cba3a7dd54d83cac840fa9a03d2c025665fe3ad1cc3fd39a588f3252402e45740f5da68f62e8df451c1a65db72aa37e133b3239c512ab8188dfbcf725d0d90a280a00919e704f14b6edee1c088e4c94eed699415a8f99c0ce07a9f952749d6932e0813d48759dc54dc760a411b827c581f13840cee001c608eb8cde389cf36169f4fe9b267bb6d9a393f656baf5d597dd90fb4994e2920ab6369cf3e6091918f53d05541ed03dae5c869297a6ac0dae14a98c97243c17cb51b9ce15eab03031fd5e99ac73b558b142f79b938fc97df0551a1b6d97243a40ce5281ca8e3fa0103fee1b7354aebad62d5df494cbdc94b31655d5b54990b2b0e0404921080a04e40031d4f24f9d3a620ddd6ccdd3317063018dd4f3c1bbfdbf7583436aa9123484294b6fde3014cac139502951039fbb1522eeb2b187477a9436bf45a318355c7634ec876c970b62960b889264a3a80a0b0338f4f1034c92ed12a5ba4ae3ac91d46ca566637590af0ea6b01b475cf5d420d2911182f399206d181f535116e832ee321373bdabc03c4d303e1fbcfad4ac0d30cc61ef52db000e424fef5ea7952de7a230e06951d6844975492430a5fc0de3a95b80e1246427a9a108af667cd371ba49086377257c7e42e72fdddadc98cd2b638a68052d4aebddb69e8b731cedc8c0e4fcfebf354f27ba69414d948423ba25cce08296db3f1389c90b0af89785a7e106b10d8e37b23a14cb6d6f65c485e563bbe5c6f70f89c6fe25bdd569f00eb475a1842a530b5b0b5a5e5365a6d9490b0959ca4a1230429ce4a148f132de4114d450b621f0ad28e30c1b1f53dabedd8ffd709ffb2f8972b06a4b4ea6bc4a77bf71e094c66d617e057856addf09424120af90404a13829c1d9f8b25b5c5538cbc87124eddc850233e7c8ad625ea98912e1eeed25b991d9085499086cadb71dce1a8ed94602824f21276170a49572410dd6dd64ab54844b716b0d280fb465414a3938097528f0a81ea0a738c12e149c9a1cb1979b090eadd1ce65480d103f5ee7d7f32361742e8724819e6a2e63c1c7e3379eaeee3f7019a8385ac23c82db3330da9c4ee42c1042b8e3a6739e794e527d68c3250e4f6d4858294b4a5820f1ce00a41e08d8ae43230e6c376899b5f43e8bfffd9, '2026-07-03 06:48:39');
INSERT INTO `doctors_table` (`DoctorID`, `UserID`, `Specialist`, `Qualification`, `Experience`, `Phone`, `CityID`, `Bio`, `ProfileImage`, `CreatedAt`) VALUES
(6, 8, 'Cardiologist', 'MD, FACC', 18, '01234567890', 1, 'Senior cardiologist with expertise in heart failure management.', 0xffd8ffe000104a46494600010101004800480000ffe202a04943435f50524f46494c45000101000002906c636d73043000006d6e74725247422058595a2007de000300120005002c0028616373704150504c0000000000000000000000000000000000000000000000000000f6d6000100000000d32d6c636d7300000000000000000000000000000000000000000000000000000000000000000000000000000000000000000000000b64657363000001080000003863707274000001400000004e77747074000001900000001463686164000001a40000002c7258595a000001d0000000146258595a000001e4000000146758595a000001f800000014725452430000020c00000020675452430000022c00000020625452430000024c000000206368726d0000026c000000246d6c756300000000000000010000000c656e55530000001c0000001c00730052004700420020006200750069006c0074002d0069006e00006d6c756300000000000000010000000c656e5553000000320000001c004e006f00200063006f0070007900720069006700680074002c002000750073006500200066007200650065006c00790000000058595a20000000000000f6d6000100000000d32d736633320000000000010c4a000005e3fffff32a0000079b0000fd87fffffba2fffffda3000003d80000c09458595a200000000000006f94000038ee0000039058595a20000000000000249d00000f830000b6be58595a2000000000000062a50000b790000018de706172610000000000030000000266660000f2a700000d59000013d000000a5b706172610000000000030000000266660000f2a700000d59000013d000000a5b706172610000000000030000000266660000f2a700000d59000013d000000a5b6368726d00000000000300000000a3d70000547b00004ccd0000999a0000266600000f5cffdb0043000503040404030504040405050506070c08070707070f0b0b090c110f1212110f111113161c1713141a1511111821181a1d1d1f1f1f13172224221e241c1e1f1effc0000b080080008001011100ffc4001c0000000701010000000000000000000000010304050607080200ffc4003f10000102050203070202070607000000000102030004050611213107124108132251617181143291a115234262b1c1d12433527292e12563a2b2d2f0f1ffda0008010100003f00d3893ac76931d67d20098f67cb5888dd9c4bb1ed67552f5ab8e4999849c1976c975d077c14a3247ce220151ed33614bb8532b275a9c03652584201ff0052b311da876a8904a88a7da332e247ed3f3a94fe49498469ed52f6c6cc6fe27cff00e10f742ed414198792dd5edba8c8a09d5c61d4be07b8f09fc22ddb2efbb56f160b96fd6189b5a7ef64f81d47a941d71ebb4495273031ece23d981d7aed0941398ed3b475bc433897c4bb5ac092ef6b539cd36b4f33324c614fbbea0741fbc703de329712f8f579ddca764e41f342a5a8e8c4a2c871436c2dcdcfb0c08aad6eab98a8a8a9475249d4982c124e873fce0c482402a3849d330627c2ad123d8eb025dd3c4707ae21453a7e6e426db9c919b7a5a61b3943ccaca1693e841c88bd7859da16e0a54c332577f35669c484fd4a40fa96879e9a383d0ebeb1aa68b5491ac52a5aa94c9a6e6a4e65b0e32eb6729524f5ff006e90b4c040c2611d839889f17aef458f6054ae1e44b930d24372adab65bcb38403e99d4fa031812e3ad54ebf5798ab56671e9c9d9851538eb8727dbd00e806821b0a8ffb40a35d36c6a0f9418d803075cee00e91d6481cda98e8e83c5b7431cadc65bce704e7305aa71214084fac76ccea72924149049d22f1eccdc5716a56536fd726026853ee68ea8e92af1d02fd12740af83e71b1d042920839075047581eb1ef684fd63a119c3b70d5d6d52adda236e612f3af4d388f3e501093ff0052a32b2ce9aeb1c232a5ff0038352083818cc77818c75dc40a941009568474825def4a7bcc14a73a7ac048c9ae6de581e1436d975d59d9081b93f240f722132b53a400de0f9770a4e09c831b67b24decf5cb623b44a83ca767e8aa4b416b512a5cbabfbb249ea3053ec045d38c40c26814efd2285ed95674dd66d590ba29ecade72905489a4a064861783cf8f24a86be8acf48c8049248c40a46341bf58ed260d652b5ad0d3495b8ead4128424649276021fa42df73e8cccbe871d714ae46d281cc918df5f4f3f7860ab1499b5340e1083cba1cc70e619a784a5442df39731d12364ff003fc212728c7374d86605b4296b09482547400448a66d3a9cb5c54fb7de68a27e69085a9bdca02f519c7a6b16e76409999a4f19666913214cae6245f61c6d5a65482958ff00b4c6c8e91ee909ba4083ac0a82568521694ad0a052a4a86410770479461ced496adb969f12be8edc68cb33312889a7e581f032e294af0a3c9240071d3315475d3ac740fa124e98c6b16959764b92b461509c0a4d4a6ff54c0c6b2c0fdc7fcdcb9cf9640f3890dee896a2dbbf4d4d6405a5bfa561491e23b02af4ea49ea79474314c3b27dc296e3e93846d9dc93ac37a8171cc9381fc201c214b0119e51a24622dbe0d5a3212b429de225d09eee934e4954ba08d5e58db1e649c01eb8899f01edeaadd771d5f8955b97e571f594c9823c209183cbfba948091f30bed8a72693dac696849480fb0a7ce73ae585a4edd723f38d4e0f8447b1beb09547580e681e7c0cc616ed415345538d35b520282658b72a33e6da003f9e62b0182493b44e385f4b955aa6ebf3eda1c4c9808946d67014f1d967cc27a7ae3ca24753b9ccb4fcad1e526878017261e565450a3b9c9dc8049c7991e51399ca5ca1b4d0e72733e404349528612352327cc671ee498a3af097979199fa54be1e2924a949d94aea47a7ac46412a3a751b9e90e141629cfd4991559854bc824e5e525056b501fb29037276e91a7e85645c7c5091a5bb5da7a6d6b1a4805c8d29070fcd60612b73c86338f7f9896dd06bea41b62c86d8a7c94ab3dd25f29c0071b27fac573c23a74d5bdda4e4a995da8fe909d5d2df2d3c49d54aca88d75d82e357276c8da04fa42559d20852c8304baf72a0c609e390038b77472ec6a2e1fc706214ca14f3cdb2dfdca2069eb13455505328810c7890858eed0bd8f4cfe09fccc315baccc4d5404c1792da96e73f3ac8ce739240ebfd626558bd853e91fa3296f051282953aeac29409dc84f9fa9dba457afa5e98cbcb2a5a9cf1778e2beef519de1c2ddb52e0b89b9d7a8f2299e448b41e994b6f239928d7c412482a1a1db31a2f80bc3ab0e9add3ebf733937313eea50ecb89e942d49a09fb485ea851db1ccaf88d01754eb5269425d7db6925254a5ad61294206e493a01147dd7c529372a0f52ac76d8aecd324f781a71de6771f77741b428280ff00129407902358ae2c0b8ddae768190ba5fe6969494294b8a70125b48414e080339c93b46c7a3d6693576cae9752939d4a345770f256527c880723e61c61138702123cbc4374d3a70752630b71c90b678b172255baa794bf850047f188e50da087d4ebb91c890a481b927ed11eaecef7cb4b29386db01231d7031fd4fcc3ad896cdc57ad55ba150658a9c56ae39b25b4f9a8f41163ddfd9aaeda0dbf3958fd214f9c62524dd987c344a569e4493800efb45bb6bf01681272b275571833b3cb6c2dc4ba41425250072246da2748596570bcd87509e72d3412e4f84b4b72a29ef54cb40e7bb460818275c91e512caf53a816570fea732ba7cb0e5967545a42301c510484048d0e547007a88cd1c47e08d76d7a55b1333f5d5cdcc562699929b970158955b84613cc5479b1a8d86a9890d4eca62c4bc5554a72e626f91b5b726c389504cbb8b012a52423efd338191beb13de07f0eedf3675467ee4b629f519e9faa3a65bbf6017128184252956e91cc09d226360f0fe9b23c42ad5fe16e2662709929261270da65db096cb87aa96b2d939276c7524c5960e9089dda10cc75c010d7364e088c85da9a86fc9711bf4a868fd354d8414af1e1e7400950f7c049f98ad92ef712ca569cce2f7ceb8ff00e7f186c528addcab27de367f655a2ca526c66e790c244d4e2ca9d731a90361ed88bb676519a952a6a9b3392c4db0b61c1d79569293f9188953af5a55bb4e96a45d8e3f4d9f95652cadc5cbb8b65ee4013de256849185000e0e08ce310b8df7672dbefd9adb4f0ff92c3ab3ed84a098ea6a593754cd3265c97986a9126f09a5266a5d4d2e69e4105a010ac28369578c92064a500680c11c5ba4aaad65beb66515373522f335096693f72dd65c4b8123d48047cc44ea77ad9eb6039373e241d23fbba84b3b2eb41f22148fe1985d63df36cd416d5b542ab3351a9372fcfcf2adabbb9649dd654a001393a000e4fa45852a12db286d0308400903c80da1524edac25736da114c8d310d5349f33151f68d6a96ae1ece2ea2c25d5a0a7e9327c49789c020fb673e60464979409e5ff0a702094a53dea40cf48d93d936a227f87ea955b814ec9bc1247902323f818bc65d4a0468617a5cf0ea20b5beb4e88247b4472e1ba6954579b4d5261f0e2dce44b4cb0b79c51c6478500abe71086ebe21dad45b49fabce545a43096d45085785c5a87ec041c1e6ce98c6730e28aea1eb5a5aa3329eed2ecaa5d521cc1e5ca4120e633e7006765ee0e385e55b97690da39436c250309e50bc6703fcbf9c69664e00e9985283a698821cda124c6c74cc35cce80abca331f6adafa5ea8c85bed3dcbddfebdd00eda6991e78cc67f590a71440c64e83ca3c0e564e4e9b4681ec7173224eed9ea04cb9ca99f602d8c9d0adbdc7be093f0635cb4ad322142559de0460ba00e90638594feb9486c280c739001c7bc565c40b12caac54dbb82a722c2aa4851536b5bc7048d8f2e794fe115f7680e214ad2ac862529734dbb3138d940536a04271a1fcf4f8862ec7522586666a852399f714cb8acf4c029fcf3f8c69d07001850d9cc12ada123e40073119ba2a8c53641e98716006d254a19d7d87a98c4dc529a989db9e6e726d64cc3caf1249c96ff0077e060442d24f363d748e8e9a9873b5ab33941aeca55a9eef773528e875a276c8e87d08c83e8637870cafda5ddd6ecbd4a55d08529203ad13e26d7d527d8c4bc4fb407dd08e657539a0a54a555aa781d4cb07547f12008679ca119d4954f5e15e5b8338ee9c69b47fa528feb14971ce5ed46253e89db96ad39537141286bebc12840fdc40c01e6551415e359456aa4c4b49a7bba6d3d94cb4b27aa827751f324e4fcc688eca6b0cc8bcc11e1748c7b8cff00efc468c47f763306a5634c182d6709d61b6a130129249c2123ae914c712ef4b6e4504cc5524dc5b7af72db816a2720848c675f327dbce32cde5554d62bf3138d85776e2b993cdb9f530ca410413a031caf703a41c9616beef03ef5728f789570feefabd8f5c0fb4a586167966193b280eb8f311acf86f7f512e8976d52d3a85384789a51f10f88b0152897f0b0ea87b1d223f755856c5782175a69f7f9364a6656da4fb849119e78ff002d62d9920ba45b34c9662ab349c29695152db41dc92493aed147cb252dca731dd4ad234af6549d6dca43ed9c77accc0511d4255b469169c0b4e860d41f3d22879fed174a974ad9a8dbf57a34d8482db33cc287799eb91b0f5c4523c48e30dc7763efcab332dca53ce7950cf3655e6493aedd22b75a9e528baac91d4a8ef1cb43c60ee48c7e2215d5254cbb4c050d71ae3ae7586b57df8874a139ff0017916d490a4fd424e0ec62f4a970fa9773d254fca2d2ccc290148cfecab1a831494c4a566dca938e30ecc4acc4abbca5c6944149dc6a227d41ed017f52a592c3cf49d4020602e61b3cdf2524663aadf684beaa52e5a409094c8fb9a6c93f998ab27a726ea53eece4f4c393130e9e671c7159528fbc0296424233a0398bafb2cce2d1724eb00e01692a233d331af29c79d84a8751a42b093a67a758a9ae6e1e51ee39379759963393ce37ca26de3ceea40db0a3b01e5b463cbd681316d5cd37477f016cab4c1e87510d282a51e452cf8b6f28514b6fbf9c6594e32eac207f0fe7128e22c9a659d42109d104027db4fe510c4e930927cf78ec94226b4d520c5e7c38bd5afd1b2f275a992cb88500ccf156329e5fb1de87ae15f07584757a03b58a04cd4d2f21b4d45f54c252b490aeef3841f72900e3d6298aa4b8959c725c2c2f90e0a86d098249e906253856d1e59f1c5b7d9a94a37973e094f77dda80f224633e9a46cda22ffb3272730e648381e663ffd9, '2026-07-03 06:50:12'),
(7, 9, 'Orthopedic Surgeon', 'MD, FAAOS', 20, '01234567890', 2, 'Renowned orthopedic surgeon specializing in joint replacement.', 0xffd8ffe000104a46494600010101004800480000ffe202a04943435f50524f46494c45000101000002906c636d73043000006d6e74725247422058595a2007de00050013000e00160016616373704150504c0000000000000000000000000000000000000000000000000000f6d6000100000000d32d6c636d7300000000000000000000000000000000000000000000000000000000000000000000000000000000000000000000000b64657363000001080000003863707274000001400000004e77747074000001900000001463686164000001a40000002c7258595a000001d0000000146258595a000001e4000000146758595a000001f800000014725452430000020c00000020675452430000022c00000020625452430000024c000000206368726d0000026c000000246d6c756300000000000000010000000c656e55530000001c0000001c00730052004700420020006200750069006c0074002d0069006e00006d6c756300000000000000010000000c656e5553000000320000001c004e006f00200063006f0070007900720069006700680074002c002000750073006500200066007200650065006c00790000000058595a20000000000000f6d6000100000000d32d736633320000000000010c4a000005e3fffff32a0000079b0000fd87fffffba2fffffda3000003d80000c09458595a200000000000006f94000038ee0000039058595a20000000000000249d00000f830000b6be58595a2000000000000062a50000b790000018de706172610000000000030000000266660000f2a700000d59000013d000000a5b706172610000000000030000000266660000f2a700000d59000013d000000a5b706172610000000000030000000266660000f2a700000d59000013d000000a5b6368726d00000000000300000000a3d70000547b00004ccd0000999a0000266600000f5cffdb0043000503040404030504040405050506070c08070707070f0b0b090c110f1212110f111113161c1713141a1511111821181a1d1d1f1f1f13172224221e241c1e1f1effdb0043010505050706070e08080e1e1411141e1e1e1e1e1e1e1e1e1e1e1e1e1e1e1e1e1e1e1e1e1e1e1e1e1e1e1e1e1e1e1e1e1e1e1e1e1e1e1e1e1e1e1e1e1e1e1e1e1effc00011080080008003012200021101031101ffc4001c0000010501010100000000000000000000070203040506080001ffc40039100002010302040404040405050000000001020300041105210612314107135161227181911432a1b1081523c1334252d1e124537282f1ffc4001b01000203010101000000000000000000000304010205000607ffc4002c1100020103020404060300000000000000010200030411122105223141061351a11423617191d13281f1ffda000c03010002110311003f00d9bd30fd29c634dc9d293c46331be7236ea2bc1f3de9b6a68b107daaead8eb20892b9fdebde6544597deb01e2171e43a6ccda758dc62e3f2b346bcfc87d0e0f5f6a3480330817ba9da5a0febcf1a37fa59b06b15aef1a5c59ddf99a7caaea012f0cc8aeaff0026570ca7ff0053425b8e22d52ee67b9979d433664220c161db71be699bcbfb8e65b9d3658e40a0931dc01ccbec39b63f423e556c6d2da442be99e3068af32c1abd85ee9721eace39d3fb363e95a1d338ff00853519d60b7d6a01231c2090140e7d1491827db39ae7e1731ead03b882d3cd6387b7889033df08dba9e87e1f84fb550c90dbc170be5cae2363cb3230fcbe991df7efd8d5726714533b044d9ef9af79bef5cebc07e206a3a037e12ea57d434e8ce0445b32c63233ca4f5f5c51b343d72c757b28eeaca7124722075ec707d476dc11f4aba9cc132912fbcda50976eb55e25f7afbe751041912d239b1de9e49ea9d66f7a7566e9bd5c1cca193d8e290e76afac77a43920566c6e36d4cc80d3c7da9a97a5749838f13b8a67d3a64d1f4f9cadcc8bcf3b227f851efdc6e09f6dfad0d3c9b58e46cdbddc93ca3219c282df4dc8f97ef4e715df493f135fdef3653cf6e5989d8203850bee71927e42af7816ce6d427fc57e0c1427951ca9248f504f4cfb0c9f5a206c08ca52cec246d3f46d3278c4d751dda955388a39199f3f25c01f3cd575f68f1c1297b6b5d4e190e3679bcec8f756d87d49ae8be11e0abbbc87cbe58ede2c8070373fdbed5aa4f0db4f810a90a13a93cbbb1f9d41666e91916ca3f94e2bbe87528e6544b1777ff002abc2a09faa806bd7367a95c46d25de9d2862bcbce48e61ec7d7f7aec8b8e00b5958982cd460f5e5dea1eafe1ec0f66c86dd3707195e954d67d25fe150779c4b7115c44ecb931be3627626a6681acdf585edb4f6a5a39a161cd86c0619df3ea08a3271ff0087bcab2f931e19013b0f4a0b4d6ed0ea2f19053191b6db8ffe5151c344abd029d21db8338aa4bfd423b1b99519de1e653dcf7dff00515b4f34fad73d787d7ab65c4025bc72a8cff9db70b9db23d28f0937322b039046734c2988b8c49c2523bd3a92d5709714a135101823354c690c6bc7e7486359f1accf1aa0e37ba6b5e1eb993999011ca4af519daaed8fa564fc5091e3e149594f49a3249e98cd41964dd84096b3a64b79730d9c2c5220ca002464b31007e8735d6fc01c176967a75a5bc7104486355cfd319ae61e162d75c49a72302dcd771b729ed8607f602bb7385fca10a0db1ca3ad1301b69a54b2a0b4b5d274e4860448915546d8c55cfe015d40931f6a569e1305b036a95248801ce09c6d4c2a0022d52ab16da575dc0b1a8089f6aa8d4006509e5924efd2ae662b20652db9a817b1a1058b741b63b55194185a648eb057c65a643349e6726cd90d8ee4572ef8b9c3b159dcdc5e5b21501f271d37aeade3698450baa608c939cd73ef8a13433e9770d95c9049cf6c52a46968cb80e98303fa5cea678e37c1048c0ec7e7fa51e74769534c82399b9a555018fae2b9fb4505aee32b920480019ea73b51f5251c8307b5369d66255e927f9bef5e128a806e1477de926ed73d71451010885a91cd492d492d48c667d6354bc6900b9e16d462e50c7c866507b91b8fdaad59a9a98092268db043020835d24120c07785d03ddf8a7a5c04b32c227ba914770a99fed473b6e2df10f56264d074558a00d840ce1438ea1893be3dff004ac87829a1c76de234b6ed08f320fc4a331ead1b22727d319a25716a6afa40b4d2748e6b382490096e8265628fb903b9f6ab0638e59af4a983b13f59163d77c72b4233a6e952c7d4859be203b127f4a2b7875c49aaeb1a5a2ebb63269d7f19e578ce0823d411da80d6ba7713c7e219886af7a34a8ee0879249cb06b7c6564521794f7d81041c0c7a13b85751bbfc7db3caceca32399d7958ef8ce3d08356a9e723007bcea4295646650463d6122f2e12d432b91b7c593414e3de27f11ee754b88f863407b8b5048479240a180f9e300eff00a56e3c61d61b49d3adee6162448147b6f439e29d4357d6f856f3f964f7d653c423f29510a899723cc2adb82402700fa1c7bd18bf99a04baaa8a45e627581e2dcf1c92ea1a6c56ebca4844b84624fd76fd6863ac5ceab35aea763aa5b1866485a403393efd2b716f3f14691a0fe266d6aeee6f85e058ed5d8bacb0e3724300cb939c736e7b8a9fc61670dde8d73a97965246b575019707a77a8a9a94e1a0410c9ac6467d673f70df9ad730326405ba4fd01268b8da92e301b03e7427d2ae16d0c6b126429277dd89db1fa55edbea664ee411b107a8a65663d4eb89b67d437d9a90d7e71d6b3515d33f7cd4e3697af66f711c12b2aa96242f603357ce20b10f25fa5219e93cdef4d16de938c459719eb4db3fde90cdb534cdb75ae932df8322b54e2c86f7cbe5b9e5e50e3b8dc107eff00a519bf97477912732e4fa119a04695766d7528265c6ce01cfa13bd1f3447e7588860415cf5a224d0b66ca7da21343820b730c36f1c2ac3270b8cd416d32d6d9d7c94f8b232dec2b58c84c672dd3d2b337266fe6e5005312cbc83d49ef46e8408c23b34cdf8f6a8fa3d844fd1996aa780c186dda1972c80e7a74abcf1e637fe430bc686468d942ed55be194325de9af24d859627313afea3f4228350e2ae612964d2111c4fa55adcc6e63b6552724b05c66859e215b4b170fdc5a44a448f1322e0faed9a3aea70a5bc4fce148c7da837e274d1dbc4b2804fc58c03de8550007325f75823d034bb7d3ad9224556901f8a4e51927e7e958bd4edd62e287957ab4a048a7a3a90363efe8688109f8ced58ee298fcbd759fd795bf5ff8aa5a31676cccbbd5015712eeca60807e1e1860f754c9fb9a9d69777ff8c78dae99e26881e4719df38c83dbe5ef55f62bd2ac604c5ec071b32ba7ec47ec69fd2266030b45cd20bed4d96a4b3fbd2b88d45330a6dde925e9a76aee92628be3bef471e02d4d6e749b49f9bf32004fb8eb40767d89adaf863ae880c9a5caf8c9f322cf7f51fdea41c466d1807d27bc3da48ad1f313818fbd63b8b6c756975085f479d429939e556df7a7a5d4ae86992491c724c51768d300b7d49aa67f106dad1963b8d17538e523055ad8900fb15ce6a05457e53356de8d40d9a63322f88edad3e891155134b0caa485233b76ce3a1e99eb4bf0daee622792ee38a39a67e69113603d8556eb3e2168e6d0c4965a84a47e65fc1499519f96fbd43e1de2a82eb5211586857f92473cb22aa28f4ea727e54bb82ad98fb5174a5865c4d8f164c8aae80f5e9404f15262a90c24eed2668cfc55272309646e5575e9dc1ae79f10b531a87104c233fd2830a9efdc9a877ca9333aa63612922396accf19c79bb8dc7f9a323ec7fe6b490b0393549c5c995b77f42573f303fdabaccfccc4cfbe1f2e49d33e2891bd541fd2ad7930d6ef8fcb32f4f7caff007aa8d098359424ff00a71f6daae672458caeb90c8bce31d72a73fdab526442197da90cf4d97de90cfef4b46e2cb7bd36cf55fa8eb1a6d8315bcbd8a271bf2672df61bd63b57e37b87b89134f448add080b2c8bccce7d71d00ad5e1fc16f2fdb14936f53b0fcc52bde52a032c7faef3772c8154b120003724f4a8dc39aa43a87115b5b69927e2648dc492bc64858901dc93dfa8000ea4d0c2ff0056d52fa331ddde492ae09e504053f4144afe1beca39975e90e0ccab028ff00c72c4fea2b76ebc286c2cdee2e1b2c31803a6e71b9ff002296dc485c5754a6303d7de1ff00863519449f879dc730c60f661eb5a89ed62ba88f35b2b8c1ff002f4ac94366d242924479668fe246fedf2abcd27884c51986f13ca61b7c436f9e6bc41401889ec16a1c023ac8cda45a4972f15cda9308fcb939cfb547b8b7b6b3b8fe8429184e802e00abf9354d3659193cf438c1ebb66b2fc47a8ac8f22db286c838c74fa9a0d4527bc39b8661ce605ff890f106eb47d28697a74845e5d929e603fe0a7761ee46c3efda80907186a24462e218662a814b12433e06324faed5b5fe21119b52b7918e4b4847bec3fe685207f53e55ebb84f0ba15ed8798b9de798bfbca8b5ce8389aa838d2457c3d8a7be243fed5f75cd72d355b08e285a7b798306276c2e33b7bf5acb37c5281d857b90e6b45bc39699050608f43fbcc49b885665d2c73373c35768b648259a31c8482c5801d7deaeff009de911c6566bf808230429e6fda86f6d94ed919dc1ab0860b79181642a0f7538ae7f0adc38cd0607e8768117e8a79c7e21af53d62cb4e80cb75305ec146ecc7d00ac471071a5fcede5e9ff00f4b113ca1860b9faf6fa5662ea591a60ccc799890f93939f7a6e6042c64ffde5af47c2fc276b6bcf579dbea36fc7ee2371c52ad5d97947bc44f3497125c4acecd22393cc4e49f5cfad7c89fcdb094be036323e95eb0058cc719065614ddf1305998c7563815e9d404a7abb6220776d3df32c6d5fcd8909dc95a257f0e9acc3a671c4ba75cb848b5180c4a49dbcc53ccbf7f887d685f6998e18c7fa5454ab79e5b6ba86ee07e491183a91d41155e2565f1b66f44f561efd47bc8b6adf0f5c38ec6770e9050bf2646c76a9f3dac4ed92282fc11c7ad7ba6c172641e680048a4f423ad68754e357584159307dabe157769529b94718227d0adae51d43298439ade0f2c80a9d76d85566a3691c763249800e28593788174a59c4ced8e831591f103c5bd5574b7b2b262269072822935b6a8cc001187aca064983ef1cf508af38c9ece07578ac815623a798dbb7dbe11f7a1c81f113ef53eeddddddddcc9231259c9ce493b9fbd43e5c01eb5f55b2b316f6e94fb81bfdfbfbcf1b5ab79b519fd62426f9a9290f305349823e76c75ab1b38b3160f635b3696dacc52ad4d22329060b0c7a30a9f6d172bc4846e4f31f90a7d60e655206fbafd0ee3f6a5bc643ca7232b0f28f9938adda76e298cccf7adaf69fffd9, '2026-07-03 06:51:42');

-- --------------------------------------------------------

--
-- Table structure for table `medicalnews_table`
--

CREATE TABLE `medicalnews_table` (
  `NewsID` int(11) NOT NULL,
  `Title` varchar(255) NOT NULL,
  `Description` text NOT NULL,
  `Date` date NOT NULL,
  `Status` enum('Active','Inactive') DEFAULT 'Active'
) ENGINE=InnoDB DEFAULT CHARSET=utf8mb4 COLLATE=utf8mb4_general_ci;

--
-- Dumping data for table `medicalnews_table`
--

INSERT INTO `medicalnews_table` (`NewsID`, `Title`, `Description`, `Date`, `Status`) VALUES
(1, 'New Cardiology Wing Opens at CARE Medical Center', 'CARE Medical Center has officially opened its new Cardiology Wing, featuring advanced heart care facilities, modern diagnostic equipment, and experienced specialists to provide high-quality cardiovascular treatment for patients.', '2026-05-20', 'Active'),
(2, 'Flu Season Prevention Tips 2026', 'Protect yourself during the 2026 flu season by getting vaccinated, washing your hands regularly, wearing a mask in crowded places, maintaining a healthy diet, staying hydrated, and avoiding close contact with sick individuals. Early prevention helps reduce the risk of infection and keeps you and your family healthy.', '2026-05-18', 'Active'),
(3, 'Telemedicine Services Now Available', 'Patients can now consult qualified doctors remotely through our new telemedicine service. Book virtual appointments, receive medical advice, and access healthcare from the comfort of your home.', '2026-05-15', 'Active');

-- --------------------------------------------------------

--
-- Table structure for table `patients_table`
--

CREATE TABLE `patients_table` (
  `PatientID` int(11) NOT NULL,
  `UserID` int(11) NOT NULL,
  `Address` text NOT NULL,
  `Phone` varchar(20) NOT NULL,
  `DateOfBirth` date NOT NULL,
  `Gender` varchar(50) NOT NULL,
  `CreatedAt` timestamp NOT NULL DEFAULT current_timestamp()
) ENGINE=InnoDB DEFAULT CHARSET=utf8mb4 COLLATE=utf8mb4_general_ci;

--
-- Dumping data for table `patients_table`
--

INSERT INTO `patients_table` (`PatientID`, `UserID`, `Address`, `Phone`, `DateOfBirth`, `Gender`, `CreatedAt`) VALUES
(2, 10, 'NYC, NY', '01234567890', '2019-07-10', 'Male', '2026-07-03 06:54:30'),
(3, 11, 'Boston, MA', '01234567890', '2015-06-25', 'Female', '2026-07-03 06:56:32'),
(4, 12, 'Chicago, IL', '01234567890', '2001-12-18', 'Male', '2026-07-03 06:57:39');

-- --------------------------------------------------------

--
-- Table structure for table `users_table`
--

CREATE TABLE `users_table` (
  `UserID` int(11) NOT NULL,
  `Name` varchar(100) NOT NULL,
  `Email` varchar(150) NOT NULL,
  `Password` varchar(255) NOT NULL,
  `Role` enum('Admin','Doctor','Patient') NOT NULL,
  `Status` enum('Active','Inactive') DEFAULT 'Active'
) ENGINE=InnoDB DEFAULT CHARSET=utf8mb4 COLLATE=utf8mb4_general_ci;

--
-- Dumping data for table `users_table`
--

INSERT INTO `users_table` (`UserID`, `Name`, `Email`, `Password`, `Role`, `Status`) VALUES
(1, 'Administrator', 'admin@gmail.com', '$2y$10$CHfJUrCxKTj.XvU0VeBC1OKcRIsfOHRn5SuEpH5jL0pnjTJ04NpUe', 'Admin', 'Active'),
(4, 'Dr. Sarah Mitchell', 'doctor1@gmail.com', '$2y$10$YazIHjrQy1rRbpcmKg.FvOxCOwFb6jqpXv248SyDNMWsee9Rr9TV6', 'Doctor', 'Active'),
(5, 'Dr. Sarah Mitchell', 'doctor2@gmail.com', '$2y$10$ys4v.c1ixkveSbWiTHAnd.DCOeFtfm4wK2MsBiNPgb76p05w4KLHG', 'Doctor', 'Active'),
(6, 'Dr. James Chen', 'doctor3@gmail.com', '$2y$10$7g7E8i9RHW3btCtGeW1bLu0ACgugDyqLxsgHQR1Gvez4PEXkDdxZS', 'Doctor', 'Active'),
(7, 'Dr. Michael Park', 'doctor4@gmail.com', '$2y$10$uGO0fID8WkMADP3e742cIOjPicTJpZyjtVy./TfDO1LjPZx2Wo00K', 'Doctor', 'Active'),
(8, 'Dr. Lisa Thompson', 'doctor5@gmail.com', '$2y$10$J4YOnfhFeIKK8JXeuLL5XucbMK7JQqlHMpXKwE8NIlCtFFwJrtMG2', 'Doctor', 'Active'),
(9, 'Dr. Robert Kim', 'doctor6@gmail.com', '$2y$10$NDlCsIDyLkyVMzOejEV1vu5h2duEllFt1ijFQn4K7eAgA7riZEsHm', 'Doctor', 'Active'),
(10, 'John Williams', 'john@email.com', '$2y$10$2OsULa2Ys/y7KJJ5QjDfBuZByX.rYW8RS4zzuHMgJC2Vpj6X2BMdG', 'Patient', 'Active'),
(11, 'Maria Garcia', 'maria@email.com', '$2y$10$l4sdm1QINxu7C08JSH0/rOUFxRDyiIpsowfNpLwRU4Ka83XfD.pge', 'Patient', 'Active'),
(12, 'David Lee', 'david@email.com', '$2y$10$fU5BkS/P.c7K7VPMPK14ue0HpNXdAkfMz9fHjowmIikA.M7O9Odia', 'Patient', 'Active');

--
-- Indexes for dumped tables
--

--
-- Indexes for table `appointments_table`
--
ALTER TABLE `appointments_table`
  ADD PRIMARY KEY (`AppointmentID`);

--
-- Indexes for table `availability_table`
--
ALTER TABLE `availability_table`
  ADD PRIMARY KEY (`AvailabilityID`);

--
-- Indexes for table `cities_table`
--
ALTER TABLE `cities_table`
  ADD PRIMARY KEY (`CityID`),
  ADD UNIQUE KEY `CityName` (`CityName`);

--
-- Indexes for table `contact_messages_table`
--
ALTER TABLE `contact_messages_table`
  ADD PRIMARY KEY (`MessageID`);

--
-- Indexes for table `diseases_table`
--
ALTER TABLE `diseases_table`
  ADD PRIMARY KEY (`DiseaseID`);

--
-- Indexes for table `doctors_table`
--
ALTER TABLE `doctors_table`
  ADD PRIMARY KEY (`DoctorID`),
  ADD UNIQUE KEY `UserID` (`UserID`);

--
-- Indexes for table `medicalnews_table`
--
ALTER TABLE `medicalnews_table`
  ADD PRIMARY KEY (`NewsID`);

--
-- Indexes for table `patients_table`
--
ALTER TABLE `patients_table`
  ADD PRIMARY KEY (`PatientID`),
  ADD UNIQUE KEY `UserID` (`UserID`);

--
-- Indexes for table `users_table`
--
ALTER TABLE `users_table`
  ADD PRIMARY KEY (`UserID`),
  ADD UNIQUE KEY `Email` (`Email`);

--
-- AUTO_INCREMENT for dumped tables
--

--
-- AUTO_INCREMENT for table `appointments_table`
--
ALTER TABLE `appointments_table`
  MODIFY `AppointmentID` int(11) NOT NULL AUTO_INCREMENT, AUTO_INCREMENT=6;

--
-- AUTO_INCREMENT for table `availability_table`
--
ALTER TABLE `availability_table`
  MODIFY `AvailabilityID` int(11) NOT NULL AUTO_INCREMENT, AUTO_INCREMENT=6;

--
-- AUTO_INCREMENT for table `cities_table`
--
ALTER TABLE `cities_table`
  MODIFY `CityID` int(11) NOT NULL AUTO_INCREMENT, AUTO_INCREMENT=11;

--
-- AUTO_INCREMENT for table `contact_messages_table`
--
ALTER TABLE `contact_messages_table`
  MODIFY `MessageID` int(11) NOT NULL AUTO_INCREMENT;

--
-- AUTO_INCREMENT for table `diseases_table`
--
ALTER TABLE `diseases_table`
  MODIFY `DiseaseID` int(11) NOT NULL AUTO_INCREMENT, AUTO_INCREMENT=5;

--
-- AUTO_INCREMENT for table `doctors_table`
--
ALTER TABLE `doctors_table`
  MODIFY `DoctorID` int(11) NOT NULL AUTO_INCREMENT, AUTO_INCREMENT=8;

--
-- AUTO_INCREMENT for table `medicalnews_table`
--
ALTER TABLE `medicalnews_table`
  MODIFY `NewsID` int(11) NOT NULL AUTO_INCREMENT, AUTO_INCREMENT=4;

--
-- AUTO_INCREMENT for table `patients_table`
--
ALTER TABLE `patients_table`
  MODIFY `PatientID` int(11) NOT NULL AUTO_INCREMENT, AUTO_INCREMENT=5;

--
-- AUTO_INCREMENT for table `users_table`
--
ALTER TABLE `users_table`
  MODIFY `UserID` int(11) NOT NULL AUTO_INCREMENT, AUTO_INCREMENT=13;
COMMIT;

/*!40101 SET CHARACTER_SET_CLIENT=@OLD_CHARACTER_SET_CLIENT */;
/*!40101 SET CHARACTER_SET_RESULTS=@OLD_CHARACTER_SET_RESULTS */;
/*!40101 SET COLLATION_CONNECTION=@OLD_COLLATION_CONNECTION */;
